1,0.998903,1.0011,0.997806,1.00219,0.996709,1.00329,0.995613,1.00439,0.994516,1.00548,0.993419,1.00658,0.992322,1.00768,0.991225,1.00877,0.990128,1.00987,0.989031,1.01097,0.987935,1.01207,0.986838,1.01316,0.985741,1.01426,0.984644,1.01536,0.983547,1.01645,0.98245,1.01755,0.981354,1.01865,0.980257,1.01974,0.97916,1.02084,0.978063,1.02194,0.976966,1.02303,0.975869,1.02413,0.974772,1.02523,0.973676,1.02632,0.972579,
1,0.998903,1.0011,0.997806,1.00219,0.996709,1.00329,0.995613,1.00439,0.994516,1.00548,0.993419,1.00658,0.992322,1.00768,0.991225,1.00877,0.990128,1.00987,0.989031,1.01097,0.987935,1.01207,0.986838,1.01316,0.985741,1.01426,0.984644,1.01536,0.983547,1.01645,0.98245,1.01755,0.981354,1.01865,0.980257,1.01974,0.97916,1.02084,0.978063,1.02194,0.976966,1.02303,0.975869,1.02413,0.974772,1.02523,0.973676,1.02632,0.972579,
1,0.998903,1.0011,0.997806,1.00219,0.996709,1.00329,0.995613,1.00439,0.994516,1.00548,0.993419,1.00658,0.992322,1.00768,0.991225,1.00877,0.990128,1.00987,0.989031,1.01097,0.987935,1.01207,0.986838,1.01316,0.985741,1.01426,0.984644,1.01536,0.983547,1.01645,0.98245,1.01755,0.981354,1.01865,0.980257,1.01974,0.97916,1.02084,0.978063,1.02194,0.976966,1.02303,0.975869,1.02413,0.974772,1.02523,0.973676,1.02632,0.972579,
1,0.998903,1.0011,0.997806,1.00219,0.996709,1.00329,0.995613,1.00439,0.994516,1.00548,0.993419,1.00658,0.992322,1.00768,0.991225,1.00877,0.990128,1.00987,0.989031,1.01097,0.987935,1.01207,0.986838,1.01316,0.985741,1.01426,0.984644,1.01536,0.983547,1.01645,0.98245,1.01755,0.981354,1.01865,0.980257,1.01974,0.97916,1.02084,0.978063,1.02194,0.976966,1.02303,0.975869,1.02413,0.974772,1.02523,0.973676,1.02632,0.972579,
1,0.998903,1.0011,0.997806,1.00219,0.996709,1.00329,0.995613,1.00439,0.994516,1.00548,0.993419,1.00658,0.992322,1.00768,0.991225,1.00877,0.990128,1.00987,0.989031,1.01097,0.987935,1.01207,0.986838,1.01316,0.985741,1.01426,0.984644,1.01536,0.983547,1.01645,0.98245,1.01755,0.981354,1.01865,0.980257,1.01974,0.97916,1.02084,0.978063,1.02194,0.976966,1.02303,0.975869,1.02413,0.974772,1.02523,0.973676,1.02632,0.972579,
1,0.998903,1.0011,0.997806,1.00219,0.996709,1.00329,0.995613,1.00439,0.994516,1.00548,0.993419,1.00658,0.992322,1.00768,0.991225,1.00877,0.990128,1.00987,0.989031,1.01097,0.987935,1.01207,0.986838,1.01316,0.985741,1.01426,0.984644,1.01536,0.983547,1.01645,0.98245,1.01755,0.981354,1.01865,0.980257,1.01974,0.97916,1.02084,0.978063,1.02194,0.976966,1.02303,0.975869,1.02413,0.974772,1.02523,0.973676,1.02632,0.972579,
1,0.998903,1.0011,0.997806,1.00219,0.996709,1.00329,0.995613,1.00439,0.994516,1.00548,0.993419,1.00658,0.992322,1.00768,0.991225,1.00877,0.990128,1.00987,0.989031,1.01097,0.987935,1.01207,0.986838,1.01316,0.985741,1.01426,0.984644,1.01536,0.983547,1.01645,0.98245,1.01755,0.981354,1.01865,0.980257,1.01974,0.97916,1.02084,0.978063,1.02194,0.976966,1.02303,0.975869,1.02413,0.974772,1.02523,0.973676,1.02632,0.972579,
1,0.998903,1.0011,0.997806,1.00219,0.996709,1.00329,0.995613,1.00439,0.994516,1.00548,0.993419,1.00658,0.992322,1.00768,0.991225,1.00877,0.990128,1.00987,0.989031,1.01097,0.987935,1.01207,0.986838,1.01316,0.985741,1.01426,0.984644,1.01536,0.983547,1.01645,0.98245,1.01755,0.981354,1.01865,0.980257,1.01974,0.97916,1.02084,0.978063,1.02194,0.976966,1.02303,0.975869,1.02413,0.974772,1.02523,0.973676,1.02632,0.972579,
1,0.998903,1.0011,0.997806,1.00219,0.996709,1.00329,0.995613,1.00439,0.994516,1.00548,0.993419,1.00658,0.992322,1.00768,0.991225,1.00877,0.990128,1.00987,0.989031,1.01097,0.987935,1.01207,0.986838,1.01316,0.985741,1.01426,0.984644,1.01536,0.983547,1.01645,0.98245,1.01755,0.981354,1.01865,0.980257,1.01974,0.97916,1.02084,0.978063,1.02194,0.976966,1.02303,0.975869,1.02413,0.974772,1.02523,0.973676,1.02632,0.972579,
1,0.998903,1.0011,0.997806,1.00219,0.996709,1.00329,0.995613,1.00439,0.994516,1.00548,0.993419,1.00658,0.992322,1.00768,0.991225,1.00877,0.990128,1.00987,0.989031,1.01097,0.987935,1.01207,0.986838,1.01316,0.985741,1.01426,0.984644,1.01536,0.983547,1.01645,0.98245,1.01755,0.981354,1.01865,0.980257,1.01974,0.97916,1.02084,0.978063,1.02194,0.976966,1.02303,0.975869,1.02413,0.974772,1.02523,0.973676,1.02632,0.972579,
1,0.998903,1.0011,0.997806,1.00219,0.996709,1.00329,0.995613,1.00439,0.994516,1.00548,0.993419,1.00658,0.992322,1.00768,0.991225,1.00877,0.990128,1.00987,0.989031,1.01097,0.987935,1.01207,0.986838,1.01316,0.985741,1.01426,0.984644,1.01536,0.983547,1.01645,0.98245,1.01755,0.981354,1.01865,0.980257,1.01974,0.97916,1.02084,0.978063,1.02194,0.976966,1.02303,0.975869,1.02413,0.974772,1.02523,0.973676,1.02632,0.972579,
1,0.998903,1.0011,0.997806,1.00219,0.996709,1.00329,0.995613,1.00439,0.994516,1.00548,0.993419,1.00658,0.992322,1.00768,0.991225,1.00877,0.990128,1.00987,0.989031,1.01097,0.987935,1.01207,0.986838,1.01316,0.985741,1.01426,0.984644,1.01536,0.983547,1.01645,0.98245,1.01755,0.981354,1.01865,0.980257,1.01974,0.97916,1.02084,0.978063,1.02194,0.976966,1.02303,0.975869,1.02413,0.974772,1.02523,0.973676,1.02632,0.972579,
1,0.998903,1.0011,0.997806,1.00219,0.996709,1.00329,0.995613,1.00439,0.994516,1.00548,0.993419,1.00658,0.992322,1.00768,0.991225,1.00877,0.990128,1.00987,0.989031,1.01097,0.987935,1.01207,0.986838,1.01316,0.985741,1.01426,0.984644,1.01536,0.983547,1.01645,0.98245,1.01755,0.981354,1.01865,0.980257,1.01974,0.97916,1.02084,0.978063,1.02194,0.976966,1.02303,0.975869,1.02413,0.974772,1.02523,0.973676,1.02632,0.972579,
1,0.998903,1.0011,0.997806,1.00219,0.996709,1.00329,0.995613,1.00439,0.994516,1.00548,0.993419,1.00658,0.992322,1.00768,0.991225,1.00877,0.990128,1.00987,0.989031,1.01097,0.987935,1.01207,0.986838,1.01316,0.985741,1.01426,0.984644,1.01536,0.983547,1.01645,0.98245,1.01755,0.981354,1.01865,0.980257,1.01974,0.97916,1.02084,0.978063,1.02194,0.976966,1.02303,0.975869,1.02413,0.974772,1.02523,0.973676,1.02632,0.972579,
1,0.998903,1.0011,0.997806,1.00219,0.996709,1.00329,0.995613,1.00439,0.994516,1.00548,0.993419,1.00658,0.992322,1.00768,0.991225,1.00877,0.990128,1.00987,0.989031,1.01097,0.987935,1.01207,0.986838,1.01316,0.985741,1.01426,0.984644,1.01536,0.983547,1.01645,0.98245,1.01755,0.981354,1.01865,0.980257,1.01974,0.97916,1.02084,0.978063,1.02194,0.976966,1.02303,0.975869,1.02413,0.974772,1.02523,0.973676,1.02632,0.972579,
1,0.998903,1.0011,0.997806,1.00219,0.996709,1.00329,0.995613,1.00439,0.994516,1.00548,0.993419,1.00658,0.992322,1.00768,0.991225,1.00877,0.990128,1.00987,0.989031,1.01097,0.987935,1.01207,0.986838,1.01316,0.985741,1.01426,0.984644,1.01536,0.983547,1.01645,0.98245,1.01755,0.981354,1.01865,0.980257,1.01974,0.97916,1.02084,0.978063,1.02194,0.976966,1.02303,0.975869,1.02413,0.974772,1.02523,0.973676,1.02632,0.972579,
1,0.998903,1.0011,0.997806,1.00219,0.996709,1.00329,0.995613,1.00439,0.994516,1.00548,0.993419,1.00658,0.992322,1.00768,0.991225,1.00877,0.990128,1.00987,0.989031,1.01097,0.987935,1.01207,0.986838,1.01316,0.985741,1.01426,0.984644,1.01536,0.983547,1.01645,0.98245,1.01755,0.981354,1.01865,0.980257,1.01974,0.97916,1.02084,0.978063,1.02194,0.976966,1.02303,0.975869,1.02413,0.974772,1.02523,0.973676,1.02632,0.972579,
1,0.998903,1.0011,0.997806,1.00219,0.996709,1.00329,0.995613,1.00439,0.994516,1.00548,0.993419,1.00658,0.992322,1.00768,0.991225,1.00877,0.990128,1.00987,0.989031,1.01097,0.987935,1.01207,0.986838,1.01316,0.985741,1.01426,0.984644,1.01536,0.983547,1.01645,0.98245,1.01755,0.981354,1.01865,0.980257,1.01974,0.97916,1.02084,0.978063,1.02194,0.976966,1.02303,0.975869,1.02413,0.974772,1.02523,0.973676,1.02632,0.972579,
1,0.998903,1.0011,0.997806,1.00219,0.996709,1.00329,0.995613,1.00439,0.994516,1.00548,0.993419,1.00658,0.992322,1.00768,0.991225,1.00877,0.990128,1.00987,0.989031,1.01097,0.987935,1.01207,0.986838,1.01316,0.985741,1.01426,0.984644,1.01536,0.983547,1.01645,0.98245,1.01755,0.981354,1.01865,0.980257,1.01974,0.97916,1.02084,0.978063,1.02194,0.976966,1.02303,0.975869,1.02413,0.974772,1.02523,0.973676,1.02632,0.972579,
1,0.998903,1.0011,0.997806,1.00219,0.996709,1.00329,0.995613,1.00439,0.994516,1.00548,0.993419,1.00658,0.992322,1.00768,0.991225,1.00877,0.990128,1.00987,0.989031,1.01097,0.987935,1.01207,0.986838,1.01316,0.985741,1.01426,0.984644,1.01536,0.983547,1.01645,0.98245,1.01755,0.981354,1.01865,0.980257,1.01974,0.97916,1.02084,0.978063,1.02194,0.976966,1.02303,0.975869,1.02413,0.974772,1.02523,0.973676,1.02632,0.972579,
1,0.998903,1.0011,0.997806,1.00219,0.996709,1.00329,0.995613,1.00439,0.994516,1.00548,0.993419,1.00658,0.992322,1.00768,0.991225,1.00877,0.990128,1.00987,0.989031,1.01097,0.987935,1.01207,0.986838,1.01316,0.985741,1.01426,0.984644,1.01536,0.983547,1.01645,0.98245,1.01755,0.981354,1.01865,0.980257,1.01974,0.97916,1.02084,0.978063,1.02194,0.976966,1.02303,0.975869,1.02413,0.974772,1.02523,0.973676,1.02632,0.972579,
1,0.998903,1.0011,0.997806,1.00219,0.996709,1.00329,0.995613,1.00439,0.994516,1.00548,0.993419,1.00658,0.992322,1.00768,0.991225,1.00877,0.990128,1.00987,0.989031,1.01097,0.987935,1.01207,0.986838,1.01316,0.985741,1.01426,0.984644,1.01536,0.983547,1.01645,0.98245,1.01755,0.981354,1.01865,0.980257,1.01974,0.97916,1.02084,0.978063,1.02194,0.976966,1.02303,0.975869,1.02413,0.974772,1.02523,0.973676,1.02632,0.972579,
1,0.998903,1.0011,0.997806,1.00219,0.996709,1.00329,0.995613,1.00439,0.994516,1.00548,0.993419,1.00658,0.992322,1.00768,0.991225,1.00877,0.990128,1.00987,0.989031,1.01097,0.987935,1.01207,0.986838,1.01316,0.985741,1.01426,0.984644,1.01536,0.983547,1.01645,0.98245,1.01755,0.981354,1.01865,0.980257,1.01974,0.97916,1.02084,0.978063,1.02194,0.976966,1.02303,0.975869,1.02413,0.974772,1.02523,0.973676,1.02632,0.972579,
1,0.998903,1.0011,0.997806,1.00219,0.996709,1.00329,0.995613,1.00439,0.994516,1.00548,0.993419,1.00658,0.992322,1.00768,0.991225,1.00877,0.990128,1.00987,0.989031,1.01097,0.987935,1.01207,0.986838,1.01316,0.985741,1.01426,0.984644,1.01536,0.983547,1.01645,0.98245,1.01755,0.981354,1.01865,0.980257,1.01974,0.97916,1.02084,0.978063,1.02194,0.976966,1.02303,0.975869,1.02413,0.974772,1.02523,0.973676,1.02632,0.972579,
1,0.998903,1.0011,0.997806,1.00219,0.996709,1.00329,0.995613,1.00439,0.994516,1.00548,0.993419,1.00658,0.992322,1.00768,0.991225,1.00877,0.990128,1.00987,0.989031,1.01097,0.987935,1.01207,0.986838,1.01316,0.985741,1.01426,0.984644,1.01536,0.983547,1.01645,0.98245,1.01755,0.981354,1.01865,0.980257,1.01974,0.97916,1.02084,0.978063,1.02194,0.976966,1.02303,0.975869,1.02413,0.974772,1.02523,0.973676,1.02632,0.972579,
1,0.998903,1.0011,0.997806,1.00219,0.996709,1.00329,0.995613,1.00439,0.994516,1.00548,0.993419,1.00658,0.992322,1.00768,0.991225,1.00877,0.990128,1.00987,0.989031,1.01097,0.987935,1.01207,0.986838,1.01316,0.985741,1.01426,0.984644,1.01536,0.983547,1.01645,0.98245,1.01755,0.981354,1.01865,0.980257,1.01974,0.97916,1.02084,0.978063,1.02194,0.976966,1.02303,0.975869,1.02413,0.974772,1.02523,0.973676,1.02632,0.972579,
1,0.998903,1.0011,0.997806,1.00219,0.996709,1.00329,0.995613,1.00439,0.994516,1.00548,0.993419,1.00658,0.992322,1.00768,0.991225,1.00877,0.990128,1.00987,0.989031,1.01097,0.987935,1.01207,0.986838,1.01316,0.985741,1.01426,0.984644,1.01536,0.983547,1.01645,0.98245,1.01755,0.981354,1.01865,0.980257,1.01974,0.97916,1.02084,0.978063,1.02194,0.976966,1.02303,0.975869,1.02413,0.974772,1.02523,0.973676,1.02632,0.972579,
1,0.998903,1.0011,0.997806,1.00219,0.996709,1.00329,0.995613,1.00439,0.994516,1.00548,0.993419,1.00658,0.992322,1.00768,0.991225,1.00877,0.990128,1.00987,0.989031,1.01097,0.987935,1.01207,0.986838,1.01316,0.985741,1.01426,0.984644,1.01536,0.983547,1.01645,0.98245,1.01755,0.981354,1.01865,0.980257,1.01974,0.97916,1.02084,0.978063,1.02194,0.976966,1.02303,0.975869,1.02413,0.974772,1.02523,0.973676,1.02632,0.972579,
1,0.998903,1.0011,0.997806,1.00219,0.996709,1.00329,0.995613,1.00439,0.994516,1.00548,0.993419,1.00658,0.992322,1.00768,0.991225,1.00877,0.990128,1.00987,0.989031,1.01097,0.987935,1.01207,0.986838,1.01316,0.985741,1.01426,0.984644,1.01536,0.983547,1.01645,0.98245,1.01755,0.981354,1.01865,0.980257,1.01974,0.97916,1.02084,0.978063,1.02194,0.976966,1.02303,0.975869,1.02413,0.974772,1.02523,0.973676,1.02632,0.972579,
1,0.998903,1.0011,0.997806,1.00219,0.996709,1.00329,0.995613,1.00439,0.994516,1.00548,0.993419,1.00658,0.992322,1.00768,0.991225,1.00877,0.990128,1.00987,0.989031,1.01097,0.987935,1.01207,0.986838,1.01316,0.985741,1.01426,0.984644,1.01536,0.983547,1.01645,0.98245,1.01755,0.981354,1.01865,0.980257,1.01974,0.97916,1.02084,0.978063,1.02194,0.976966,1.02303,0.975869,1.02413,0.974772,1.02523,0.973676,1.02632,0.972579,
1,0.998903,1.0011,0.997806,1.00219,0.996709,1.00329,0.995613,1.00439,0.994516,1.00548,0.993419,1.00658,0.992322,1.00768,0.991225,1.00877,0.990128,1.00987,0.989031,1.01097,0.987935,1.01207,0.986838,1.01316,0.985741,1.01426,0.984644,1.01536,0.983547,1.01645,0.98245,1.01755,0.981354,1.01865,0.980257,1.01974,0.97916,1.02084,0.978063,1.02194,0.976966,1.02303,0.975869,1.02413,0.974772,1.02523,0.973676,1.02632,0.972579,
1,0.998903,1.0011,0.997806,1.00219,0.996709,1.00329,0.995613,1.00439,0.994516,1.00548,0.993419,1.00658,0.992322,1.00768,0.991225,1.00877,0.990128,1.00987,0.989031,1.01097,0.987935,1.01207,0.986838,1.01316,0.985741,1.01426,0.984644,1.01536,0.983547,1.01645,0.98245,1.01755,0.981354,1.01865,0.980257,1.01974,0.97916,1.02084,0.978063,1.02194,0.976966,1.02303,0.975869,1.02413,0.974772,1.02523,0.973676,1.02632,0.972579,
1,0.998903,1.0011,0.997806,1.00219,0.996709,1.00329,0.995613,1.00439,0.994516,1.00548,0.993419,1.00658,0.992322,1.00768,0.991225,1.00877,0.990128,1.00987,0.989031,1.01097,0.987935,1.01207,0.986838,1.01316,0.985741,1.01426,0.984644,1.01536,0.983547,1.01645,0.98245,1.01755,0.981354,1.01865,0.980257,1.01974,0.97916,1.02084,0.978063,1.02194,0.976966,1.02303,0.975869,1.02413,0.974772,1.02523,0.973676,1.02632,0.972579,
1,0.998903,1.0011,0.997806,1.00219,0.996709,1.00329,0.995613,1.00439,0.994516,1.00548,0.993419,1.00658,0.992322,1.00768,0.991225,1.00877,0.990128,1.00987,0.989031,1.01097,0.987935,1.01207,0.986838,1.01316,0.985741,1.01426,0.984644,1.01536,0.983547,1.01645,0.98245,1.01755,0.981354,1.01865,0.980257,1.01974,0.97916,1.02084,0.978063,1.02194,0.976966,1.02303,0.975869,1.02413,0.974772,1.02523,0.973676,1.02632,0.972579,
1,0.998903,1.0011,0.997806,1.00219,0.996709,1.00329,0.995613,1.00439,0.994516,1.00548,0.993419,1.00658,0.992322,1.00768,0.991225,1.00877,0.990128,1.00987,0.989031,1.01097,0.987935,1.01207,0.986838,1.01316,0.985741,1.01426,0.984644,1.01536,0.983547,1.01645,0.98245,1.01755,0.981354,1.01865,0.980257,1.01974,0.97916,1.02084,0.978063,1.02194,0.976966,1.02303,0.975869,1.02413,0.974772,1.02523,0.973676,1.02632,0.972579,
1,0.998903,1.0011,0.997806,1.00219,0.996709,1.00329,0.995613,1.00439,0.994516,1.00548,0.993419,1.00658,0.992322,1.00768,0.991225,1.00877,0.990128,1.00987,0.989031,1.01097,0.987935,1.01207,0.986838,1.01316,0.985741,1.01426,0.984644,1.01536,0.983547,1.01645,0.98245,1.01755,0.981354,1.01865,0.980257,1.01974,0.97916,1.02084,0.978063,1.02194,0.976966,1.02303,0.975869,1.02413,0.974772,1.02523,0.973676,1.02632,0.972579,
1,0.998903,1.0011,0.997806,1.00219,0.996709,1.00329,0.995613,1.00439,0.994516,1.00548,0.993419,1.00658,0.992322,1.00768,0.991225,1.00877,0.990128,1.00987,0.989031,1.01097,0.987935,1.01207,0.986838,1.01316,0.985741,1.01426,0.984644,1.01536,0.983547,1.01645,0.98245,1.01755,0.981354,1.01865,0.980257,1.01974,0.97916,1.02084,0.978063,1.02194,0.976966,1.02303,0.975869,1.02413,0.974772,1.02523,0.973676,1.02632,0.972579,
1,0.998903,1.0011,0.997806,1.00219,0.996709,1.00329,0.995613,1.00439,0.994516,1.00548,0.993419,1.00658,0.992322,1.00768,0.991225,1.00877,0.990128,1.00987,0.989031,1.01097,0.987935,1.01207,0.986838,1.01316,0.985741,1.01426,0.984644,1.01536,0.983547,1.01645,0.98245,1.01755,0.981354,1.01865,0.980257,1.01974,0.97916,1.02084,0.978063,1.02194,0.976966,1.02303,0.975869,1.02413,0.974772,1.02523,0.973676,1.02632,0.972579,
1,0.998903,1.0011,0.997806,1.00219,0.996709,1.00329,0.995613,1.00439,0.994516,1.00548,0.993419,1.00658,0.992322,1.00768,0.991225,1.00877,0.990128,1.00987,0.989031,1.01097,0.987935,1.01207,0.986838,1.01316,0.985741,1.01426,0.984644,1.01536,0.983547,1.01645,0.98245,1.01755,0.981354,1.01865,0.980257,1.01974,0.97916,1.02084,0.978063,1.02194,0.976966,1.02303,0.975869,1.02413,0.974772,1.02523,0.973676,1.02632,0.972579,
1,0.998889,1.00111,0.997776,1.00222,0.996665,1.00334,0.995552,1.00445,0.994443,1.00556,0.993333,1.00667,0.99222,1.00778,0.991113,1.00889,0.990003,1.01,0.988896,1.0111,0.987787,1.01221,0.986683,1.01332,0.985574,1.01443,0.984471,1.01553,0.98337,1.01663,0.982269,1.01773,0.98117,1.01883,0.980071,1.01993,0.978974,1.02103,0.977877,1.02212,0.976782,1.02322,0.975687,1.02431,0.974594,1.02541,0.973501,1.0265,0.972422,
1,0.998865,1.00113,0.997725,1.00227,0.99659,1.00341,0.99545,1.00455,0.994318,1.00568,0.993183,1.00682,0.992044,1.00795,0.990914,1.00909,0.98978,1.01022,0.988646,1.01135,0.987512,1.01249,0.986385,1.01362,0.985252,1.01475,0.984126,1.01587,0.983,1.017,0.981876,1.01812,0.980753,1.01925,0.97963,1.02037,0.978509,1.02149,0.977389,1.02261,0.976269,1.02373,0.975151,1.02485,0.974037,1.02597,0.97292,1.02708,0.97182,
1,0.998841,1.00116,0.997675,1.00232,0.996516,1.00349,0.995349,1.00465,0.994193,1.00581,0.993034,1.00697,0.991868,1.00812,0.990714,1.00929,0.989556,1.01045,0.988396,1.0116,0.987238,1.01276,0.986087,1.01391,0.98493,1.01507,0.98378,1.01622,0.982631,1.01737,0.981483,1.01852,0.980336,1.01966,0.979189,1.02081,0.978044,1.02196,0.9769,1.0231,0.975756,1.02424,0.974614,1.02539,0.97348,1.02653,0.972339,1.02765,0.971218,
1,0.998817,1.00118,0.997624,1.00237,0.996441,1.00357,0.995248,1.00475,0.994068,1.00593,0.992885,1.00711,0.991693,1.0083,0.990514,1.0095,0.989333,1.01068,0.988145,1.01185,0.986964,1.01304,0.985789,1.01421,0.984608,1.01539,0.983434,1.01657,0.982261,1.01774,0.981089,1.01891,0.979918,1.02008,0.978748,1.02125,0.977579,1.02242,0.976411,1.02359,0.975244,1.02476,0.974078,1.02592,0.972922,1.02709,0.971758,1.02823,0.970616,
1,0.998793,1.00121,0.997573,1.00241,0.996367,1.00365,0.995147,1.00485,0.993942,1.00606,0.992736,1.00726,0.991517,1.00847,0.990315,1.0097,0.989109,1.0109,0.987895,1.0121,0.98669,1.01331,0.985491,1.01451,0.984286,1.01571,0.983088,1.01691,0.981892,1.01811,0.980696,1.0193,0.979501,1.0205,0.978307,1.02169,0.977114,1.02289,0.975922,1.02408,0.974731,1.02527,0.973541,1.02646,0.972365,1.02765,0.971177,1.02881,0.970014,
1,0.99877,1.00123,0.997523,1.00246,0.996292,1.00372,0.995045,1.00495,0.993817,1.00618,0.992587,1.00741,0.991341,1.00864,0.990115,1.0099,0.988886,1.01113,0.987645,1.01236,0.986416,1.01358,0.985193,1.01481,0.983964,1.01604,0.982743,1.01726,0.981522,1.01848,0.980303,1.0197,0.979084,1.02092,0.977866,1.02213,0.976649,1.02335,0.975434,1.02457,0.974219,1.02578,0.973005,1.027,0.971808,1.02821,0.970596,1.02939,0.969412,
1,0.998746,1.00125,0.997472,1.00251,0.996218,1.0038,0.994944,1.00506,0.993692,1.00631,0.992438,1.00756,0.991165,1.00882,0.989915,1.0101,0.988662,1.01136,0.987394,1.01261,0.986142,1.01386,0.984895,1.01511,0.983642,1.01636,0.982397,1.0176,0.981153,1.01885,0.979909,1.02009,0.978667,1.02133,0.977425,1.02258,0.976184,1.02382,0.974945,1.02506,0.973706,1.02629,0.972468,1.02753,0.97125,1.02877,0.970014,1.02997,0.96881,
1,0.998722,1.00128,0.997421,1.00256,0.996143,1.00388,0.994843,1.00516,0.993567,1.00643,0.992289,1.00771,0.990989,1.00899,0.989716,1.01031,0.988439,1.01158,0.987144,1.01286,0.985867,1.01413,0.984597,1.0154,0.983321,1.01668,0.982051,1.01795,0.980783,1.01922,0.979516,1.02048,0.978249,1.02175,0.976984,1.02302,0.97572,1.02428,0.974456,1.02554,0.973193,1.02681,0.971932,1.02807,0.970693,1.02933,0.969433,1.03054,0.968208,
1,0.998698,1.0013,0.997371,1.0026,0.996069,1.00396,0.994741,1.00526,0.993442,1.00656,0.99214,1.00786,0.990813,1.00916,0.989516,1.01051,0.988215,1.01181,0.986894,1.01311,0.985593,1.01441,0.984299,1.0157,0.982999,1.017,0.981706,1.01829,0.980413,1.01959,0.979122,1.02088,0.977832,1.02217,0.976543,1.02346,0.975255,1.02475,0.973967,1.02603,0.972681,1.02732,0.971395,1.0286,0.970136,1.02989,0.968852,1.03112,0.967606,
1,0.998674,1.00133,0.99732,1.00265,0.995994,1.00403,0.99464,1.00536,0.993317,1.00668,0.991991,1.00801,0.990638,1.00933,0.989316,1.01071,0.987992,1.01204,0.986643,1.01336,0.985319,1.01468,0.984001,1.016,0.982677,1.01732,0.98136,1.01864,0.980044,1.01996,0.978729,1.02127,0.977415,1.02259,0.976102,1.0239,0.97479,1.02521,0.973478,1.02652,0.972168,1.02783,0.970859,1.02914,0.969578,1.03045,0.968271,1.0317,0.967004,
1,0.99865,1.00135,0.997269,1.0027,0.99592,1.00411,0.994539,1.00546,0.993191,1.00681,0.991842,1.00816,0.990462,1.00951,0.989117,1.01091,0.987768,1.01226,0.986393,1.01361,0.985045,1.01496,0.983703,1.0163,0.982355,1.01765,0.981014,1.01899,0.979674,1.02033,0.978336,1.02166,0.976998,1.023,0.975661,1.02434,0.974325,1.02568,0.97299,1.02701,0.971656,1.02834,0.970323,1.02968,0.969021,1.03101,0.96769,1.03228,0.966402,
1,0.998627,1.00137,0.997219,1.00275,0.995845,1.00419,0.994437,1.00556,0.993066,1.00693,0.991693,1.00831,0.990286,1.00968,0.988917,1.01112,0.987544,1.01249,0.986143,1.01386,0.984771,1.01523,0.983405,1.0166,0.982033,1.01797,0.980668,1.01933,0.979305,1.0207,0.977942,1.02206,0.97658,1.02342,0.97522,1.02478,0.97386,1.02614,0.972501,1.0275,0.971143,1.02886,0.969786,1.03021,0.968464,1.03157,0.967109,1.03286,0.9658,
1,0.998603,1.0014,0.997168,1.00279,0.995771,1.00427,0.994336,1.00566,0.992941,1.00706,0.991544,1.00846,0.99011,1.00985,0.988717,1.01132,0.987321,1.01272,0.985892,1.01411,0.984496,1.0155,0.983107,1.01689,0.981711,1.01829,0.980323,1.01968,0.978935,1.02106,0.977549,1.02245,0.976163,1.02384,0.974779,1.02522,0.973395,1.02661,0.972012,1.02799,0.97063,1.02937,0.96925,1.03075,0.967906,1.03213,0.966528,1.03344,0.965198,
1,0.998579,1.00142,0.997117,1.00284,0.995696,1.00434,0.994235,1.00577,0.992816,1.00718,0.991395,1.0086,0.989934,1.01003,0.988518,1.01152,0.987097,1.01294,0.985642,1.01436,0.984222,1.01578,0.982809,1.01719,0.981389,1.01861,0.979977,1.02002,0.978566,1.02143,0.977155,1.02284,0.975746,1.02425,0.974338,1.02566,0.97293,1.02707,0.971523,1.02848,0.970118,1.02988,0.968713,1.03129,0.967349,1.03269,0.965946,1.03401,0.964596,
1,0.998555,1.00144,0.997067,1.00289,0.995622,1.00442,0.994133,1.00587,0.992691,1.00731,0.991246,1.00875,0.989758,1.0102,0.988318,1.01173,0.986874,1.01317,0.985392,1.01461,0.983948,1.01605,0.982511,1.01749,0.981067,1.01893,0.979631,1.02037,0.978196,1.0218,0.976762,1.02324,0.975329,1.02467,0.973896,1.0261,0.972465,1.02753,0.971035,1.02897,0.969605,1.03039,0.968177,1.03182,0.966792,1.03325,0.965365,1.03459,0.963994,
1,0.998531,1.00147,0.997016,1.00294,0.995547,1.0045,0.994032,1.00597,0.992566,1.00743,0.991097,1.0089,0.989583,1.01037,0.988118,1.01193,0.98665,1.0134,0.985141,1.01486,0.983674,1.01633,0.982212,1.01779,0.980746,1.01925,0.979286,1.02071,0.977827,1.02217,0.976369,1.02363,0.974912,1.02509,0.973455,1.02654,0.972,1.028,0.970546,1.02945,0.969093,1.03091,0.96764,1.03236,0.966235,1.03381,0.964784,1.03517,0.963392,
1,0.998507,1.00149,0.996965,1.00299,0.995473,1.00458,0.993931,1.00607,0.99244,1.00756,0.990948,1.00905,0.989407,1.01054,0.987919,1.01213,0.986427,1.01362,0.984891,1.01511,0.9834,1.0166,0.981914,1.01809,0.980424,1.01958,0.97894,1.02106,0.977457,1.02254,0.975975,1.02402,0.974494,1.02551,0.973014,1.02699,0.971535,1.02846,0.970057,1.02994,0.96858,1.03142,0.967104,1.0329,0.965677,1.03437,0.964203,1.03575,0.96279,
1,0.998484,1.00152,0.996915,1.00303,0.995398,1.00465,0.993829,1.00617,0.992315,1.00768,0.990799,1.0092,0.989231,1.01072,0.987719,1.01233,0.986203,1.01385,0.984641,1.01536,0.983126,1.01687,0.981616,1.01838,0.980102,1.0199,0.978594,1.02141,0.977088,1.02291,0.975582,1.02442,0.974077,1.02592,0.972573,1.02743,0.97107,1.02893,0.969568,1.03043,0.968067,1.03193,0.966567,1.03343,0.96512,1.03493,0.963622,1.03633,0.962188,
1,0.99846,1.00154,0.996864,1.00308,0.995324,1.00473,0.993728,1.00627,0.99219,1.00781,0.99065,1.00935,0.989055,1.01089,0.987519,1.01254,0.98598,1.01408,0.98439,1.01561,0.982851,1.01715,0.981318,1.01868,0.97978,1.02022,0.978249,1.02175,0.976718,1.02328,0.975188,1.02481,0.97366,1.02634,0.972132,1.02787,0.970605,1.02939,0.96908,1.03092,0.967555,1.03245,0.966031,1.03397,0.964563,1.03549,0.963041,1.0369,0.961586,
1,0.998436,1.00156,0.996813,1.00313,0.995249,1.00481,0.993627,1.00637,0.992065,1.00794,0.990501,1.0095,0.988879,1.01106,0.98732,1.01274,0.985756,1.0143,0.98414,1.01586,0.982577,1.01742,0.98102,1.01898,0.979458,1.02054,0.977903,1.0221,0.976348,1.02365,0.974795,1.02521,0.973243,1.02676,0.971691,1.02831,0.970141,1.02986,0.968591,1.03141,0.967042,1.03296,0.965495,1.03451,0.964005,1.03605,0.96246,1.03748,0.960984,
1,0.998412,1.00159,0.996763,1.00318,0.995175,1.00489,0.993525,1.00647,0.99194,1.00806,0.990352,1.00965,0.988703,1.01124,0.98712,1.01294,0.985533,1.01453,0.98389,1.01611,0.982303,1.0177,0.980722,1.01928,0.979136,1.02086,0.977557,1.02244,0.975979,1.02402,0.974402,1.0256,0.972825,1.02717,0.97125,1.02875,0.969676,1.03032,0.968102,1.0319,0.96653,1.03347,0.964958,1.03504,0.963448,1.03661,0.961878,1.03806,0.960382,
1,0.998388,1.00161,0.996712,1.00322,0.9951,1.00496,0.993424,1.00658,0.991815,1.00819,0.990203,1.0098,0.988528,1.01141,0.98692,1.01314,0.985309,1.01475,0.983639,1.01636,0.982029,1.01797,0.980424,1.01958,0.978814,1.02119,0.977211,1.02279,0.975609,1.02439,0.974008,1.02599,0.972408,1.02759,0.970809,1.02919,0.969211,1.03079,0.967613,1.03239,0.966017,1.03398,0.964422,1.03558,0.962891,1.03717,0.961297,1.03864,0.95978,
1,0.998364,1.00164,0.996661,1.00327,0.995026,1.00504,0.993323,1.00668,0.991689,1.00831,0.990054,1.00995,0.988352,1.01158,0.986721,1.01335,0.985086,1.01498,0.983389,1.01661,0.981755,1.01825,0.980126,1.01987,0.978493,1.02151,0.976866,1.02313,0.97524,1.02476,0.973615,1.02639,0.971991,1.02801,0.970368,1.02963,0.968746,1.03125,0.967125,1.03288,0.965504,1.0345,0.963885,1.03611,0.962333,1.03773,0.960716,1.03922,0.959178,
1,0.99834,1.00166,0.996611,1.00332,0.994951,1.00512,0.993221,1.00678,0.991564,1.00844,0.989905,1.01009,0.988176,1.01175,0.986521,1.01355,0.984862,1.01521,0.983139,1.01686,0.98148,1.01852,0.979828,1.02017,0.978171,1.02183,0.97652,1.02348,0.97487,1.02513,0.973221,1.02678,0.971574,1.02843,0.969927,1.03007,0.968281,1.03172,0.966636,1.03336,0.964992,1.03501,0.963349,1.03665,0.961776,1.03829,0.960135,1.0398,0.958576,
1,0.998317,1.00168,0.99656,1.00337,0.994877,1.0052,0.99312,1.00688,0.991439,1.00856,0.989756,1.01024,0.988,1.01193,0.986321,1.01375,0.984639,1.01543,0.982888,1.01711,0.981206,1.01879,0.97953,1.02047,0.977849,1.02215,0.976174,1.02383,0.974501,1.0255,0.972828,1.02717,0.971156,1.02884,0.969486,1.03051,0.967816,1.03218,0.966147,1.03385,0.964479,1.03552,0.962812,1.03719,0.961219,1.03885,0.959554,1.04037,0.957974,
1,0.998293,1.00171,0.996509,1.00341,0.994802,1.00527,0.993019,1.00698,0.991314,1.00869,0.989607,1.01039,0.987824,1.0121,0.986121,1.01395,0.984415,1.01566,0.982638,1.01736,0.980932,1.01907,0.979232,1.02077,0.977527,1.02247,0.975829,1.02417,0.974131,1.02587,0.972435,1.02757,0.970739,1.02926,0.969045,1.03096,0.967351,1.03265,0.965658,1.03434,0.963967,1.03603,0.962276,1.03772,0.960662,1.03941,0.958973,1.04095,0.957372,
1,0.998269,1.00173,0.996459,1.00346,0.994728,1.00535,0.992917,1.00708,0.991189,1.00881,0.989458,1.01054,0.987648,1.01227,0.985922,1.01416,0.984192,1.01589,0.982387,1.01761,0.980658,1.01934,0.978934,1.02107,0.977205,1.02279,0.975483,1.02452,0.973762,1.02624,0.972041,1.02796,0.970322,1.02968,0.968604,1.0314,0.966886,1.03311,0.96517,1.03483,0.963454,1.03655,0.961739,1.03826,0.960104,1.03997,0.958391,1.04153,0.95677,
1,0.998245,1.00175,0.996408,1.00351,0.994653,1.00543,0.992816,1.00718,0.991064,1.00894,0.989309,1.01069,0.987473,1.01245,0.985722,1.01436,0.983968,1.01611,0.982137,1.01786,0.980384,1.01962,0.978636,1.02136,0.976883,1.02312,0.975137,1.02486,0.973392,1.02661,0.971648,1.02835,0.969905,1.0301,0.968162,1.03184,0.966421,1.03358,0.964681,1.03532,0.962941,1.03706,0.961203,1.0388,0.959547,1.04053,0.95781,1.04211,0.956168,
1,0.998221,1.00178,0.996357,1.00356,0.994579,1.00551,0.992715,1.00729,0.990938,1.00906,0.98916,1.01084,0.987297,1.01262,0.985522,1.01456,0.983745,1.01634,0.981887,1.01811,0.98011,1.01989,0.978338,1.02166,0.976561,1.02344,0.974791,1.02521,0.973023,1.02698,0.971255,1.02875,0.969487,1.03051,0.967721,1.03228,0.965956,1.03404,0.964192,1.03581,0.962429,1.03757,0.960667,1.03933,0.95899,1.04109,0.957229,1.04269,0.955566,
1,0.998197,1.0018,0.996307,1.00361,0.994504,1.00558,0.992613,1.00739,0.990813,1.00919,0.989011,1.01099,0.987121,1.01279,0.985323,1.01477,0.983521,1.01657,0.981636,1.01836,0.979835,1.02016,0.97804,1.02196,0.97624,1.02376,0.974446,1.02555,0.972653,1.02735,0.970861,1.02914,0.96907,1.03093,0.96728,1.03272,0.965491,1.03451,0.963703,1.0363,0.961916,1.03808,0.96013,1.03987,0.958432,1.04166,0.956648,1.04326,0.954964,
1,0.998174,1.00183,0.996256,1.00365,0.99443,1.00566,0.992512,1.00749,0.990688,1.00931,0.988862,1.01114,0.986945,1.01296,0.985123,1.01497,0.983298,1.01679,0.981386,1.01861,0.979561,1.02044,0.977742,1.02226,0.975918,1.02408,0.9741,1.0259,0.972283,1.02772,0.970468,1.02953,0.968653,1.03135,0.966839,1.03316,0.965026,1.03497,0.963215,1.03679,0.961404,1.0386,0.959594,1.04041,0.957875,1.04222,0.956067,1.04384,0.954362,
1,0.99815,1.00185,0.996205,1.0037,0.994355,1.00574,0.992411,1.00759,0.990563,1.00944,0.988713,1.01129,0.986769,1.01314,0.984923,1.01517,0.983074,1.01702,0.981136,1.01886,0.979287,1.02071,0.977444,1.02256,0.975596,1.0244,0.973754,1.02625,0.971914,1.02809,0.970074,1.02993,0.968236,1.03176,0.966398,1.0336,0.964562,1.03544,0.962726,1.03727,0.960891,1.03911,0.959057,1.04094,0.957318,1.04278,0.955486,1.04442,0.95376,
1,0.998126,1.00187,0.996155,1.00375,0.994281,1.00582,0.992309,1.00769,0.990438,1.00956,0.988564,1.01144,0.986593,1.01331,0.984724,1.01537,0.982851,1.01725,0.980885,1.01911,0.979013,1.02099,0.977146,1.02285,0.975274,1.02473,0.973409,1.02659,0.971544,1.02846,0.969681,1.03032,0.967819,1.03218,0.965957,1.03404,0.964097,1.0359,0.962237,1.03776,0.960378,1.03962,0.958521,1.04148,0.95676,1.04334,0.954905,1.045,0.953158,
1,0.998102,1.0019,0.996104,1.0038,0.994206,1.00589,0.992208,1.00779,0.990313,1.00969,0.988415,1.01158,0.986418,1.01348,0.984524,1.01558,0.982627,1.01747,0.980635,1.01936,0.978739,1.02126,0.976848,1.02315,0.974952,1.02505,0.973063,1.02694,0.971175,1.02883,0.969288,1.03071,0.967401,1.0326,0.965516,1.03448,0.963632,1.03637,0.961748,1.03825,0.959866,1.04013,0.957984,1.04202,0.956203,1.0439,0.954323,1.04558,0.952556,
1,0.998078,1.00192,0.996053,1.00384,0.994132,1.00597,0.992107,1.00789,0.990187,1.00981,0.988266,1.01173,0.986242,1.01366,0.984324,1.01578,0.982404,1.0177,0.980385,1.01962,0.978464,1.02154,0.97655,1.02345,0.97463,1.02537,0.972717,1.02728,0.970805,1.02919,0.968894,1.03111,0.966984,1.03302,0.965075,1.03493,0.963167,1.03683,0.96126,1.03874,0.959353,1.04065,0.957448,1.04255,0.955646,1.04446,0.953742,1.04616,0.951954,
1,0.998054,1.00195,0.996003,1.00389,0.994057,1.00605,0.992005,1.00799,0.990062,1.00994,0.988117,1.01188,0.986066,1.01383,0.984125,1.01598,0.98218,1.01793,0.980134,1.01987,0.97819,1.02181,0.976252,1.02375,0.974308,1.02569,0.972372,1.02763,0.970436,1.02956,0.968501,1.0315,0.966567,1.03343,0.964634,1.03537,0.962702,1.0373,0.960771,1.03923,0.958841,1.04116,0.956912,1.04309,0.955088,1.04502,0.953161,1.04673,0.951352,
1,0.998031,1.00197,0.995952,1.00394,0.993983,1.00613,0.991904,1.0081,0.989937,1.01006,0.987968,1.01203,0.98589,1.014,0.983925,1.01618,0.981957,1.01815,0.979884,1.02012,0.977916,1.02208,0.975954,1.02405,0.973986,1.02601,0.972026,1.02797,0.970066,1.02993,0.968107,1.03189,0.96615,1.03385,0.964193,1.03581,0.962237,1.03776,0.960282,1.03972,0.958328,1.04167,0.956375,1.04362,0.954531,1.04558,0.95258,1.04731,0.95075,
1,0.998007,1.00199,0.995901,1.00399,0.993908,1.0062,0.991803,1.0082,0.989812,1.01019,0.987819,1.01218,0.985714,1.01417,0.983725,1.01639,0.981733,1.01838,0.979634,1.02037,0.977642,1.02236,0.975656,1.02434,0.973665,1.02634,0.97168,1.02832,0.969697,1.0303,0.967714,1.03229,0.965732,1.03427,0.963752,1.03625,0.961772,1.03823,0.959793,1.04021,0.957815,1.04218,0.955839,1.04416,0.953974,1.04614,0.951999,1.04789,0.950148,
1,0.997983,1.00202,0.995851,1.00403,0.993834,1.00628,0.991701,1.0083,0.989687,1.01031,0.98767,1.01233,0.985538,1.01435,0.983526,1.01659,0.98151,1.01861,0.979383,1.02062,0.977368,1.02263,0.975358,1.02464,0.973343,1.02666,0.971334,1.02867,0.969327,1.03067,0.967321,1.03268,0.965315,1.03468,0.963311,1.03669,0.961307,1.03869,0.959305,1.0407,0.957303,1.0427,0.955302,1.0447,0.953417,1.0467,0.951418,1.04847,0.949546,
1,0.997959,1.00204,0.9958,1.00408,0.993759,1.00636,0.9916,1.0084,0.989562,1.01044,0.987521,1.01248,0.985363,1.01452,0.983326,1.01679,0.981286,1.01883,0.979133,1.02087,0.977094,1.02291,0.97506,1.02494,0.973021,1.02698,0.970989,1.02901,0.968957,1.03104,0.966927,1.03307,0.964898,1.0351,0.96287,1.03713,0.960842,1.03916,0.958816,1.04118,0.95679,1.04321,0.954766,1.04523,0.952859,1.04726,0.950837,1.04905,0.948944,
1,0.997935,1.00206,0.995749,1.00413,0.993685,1.00644,0.991499,1.0085,0.989436,1.01056,0.987372,1.01263,0.985187,1.01469,0.983126,1.01699,0.981062,1.01906,0.978883,1.02112,0.976819,1.02318,0.974762,1.02524,0.972699,1.0273,0.970643,1.02936,0.968588,1.03141,0.966534,1.03347,0.964481,1.03552,0.962429,1.03757,0.960377,1.03962,0.958327,1.04167,0.956278,1.04372,0.954229,1.04577,0.952302,1.04782,0.950255,1.04962,0.948342,
1,0.997911,1.00209,0.995699,1.00418,0.99361,1.00651,0.991397,1.0086,0.989311,1.01069,0.987223,1.01278,0.985011,1.01487,0.982927,1.0172,0.980839,1.01928,0.978632,1.02137,0.976545,1.02345,0.974464,1.02554,0.972377,1.02762,0.970297,1.0297,0.968218,1.03178,0.96614,1.03386,0.964063,1.03594,0.961987,1.03801,0.959912,1.04009,0.957838,1.04216,0.955765,1.04423,0.953693,1.04631,0.951745,1.04838,0.949674,1.0502,0.94774,
1,0.997887,1.00211,0.995648,1.00423,0.993536,1.00659,0.991296,1.0087,0.989186,1.01081,0.987074,1.01293,0.984835,1.01504,0.982727,1.0174,0.980615,1.01951,0.978382,1.02162,0.976271,1.02373,0.974166,1.02583,0.972055,1.02794,0.969952,1.03005,0.967849,1.03215,0.965747,1.03425,0.963646,1.03635,0.961546,1.03845,0.959447,1.04055,0.957349,1.04265,0.955252,1.04475,0.953156,1.04684,0.951187,1.04894,0.949093,1.05078,0.947138,
1,0.997861,1.00214,0.995593,1.00428,0.993454,1.00667,0.991186,1.00881,0.989053,1.01095,0.986916,1.01308,0.984651,1.01522,0.98252,1.01761,0.980386,1.01974,0.97813,1.02187,0.975997,1.024,0.973868,1.02613,0.971733,1.02827,0.969606,1.03039,0.967479,1.03252,0.965354,1.03465,0.963229,1.03677,0.961105,1.03889,0.958983,1.04102,0.956861,1.04314,0.95474,1.04526,0.95262,1.04738,0.95063,1.0495,0.948512,1.05136,0.946536,
1,0.997831,1.00217,0.995533,1.00434,0.993364,1.00676,0.991067,1.00893,0.988907,1.0111,0.986744,1.01326,0.984448,1.01542,0.982291,1.01784,0.98013,1.02001,0.977847,1.02216,0.975687,1.02431,0.973538,1.02646,0.971385,1.02862,0.969237,1.03076,0.967093,1.03291,0.964951,1.03505,0.962807,1.03719,0.960663,1.03934,0.958518,1.04148,0.956372,1.04363,0.954227,1.04577,0.952084,1.04792,0.950073,1.05006,0.947931,1.05194,0.945934,
1,0.997801,1.0022,0.995474,1.0044,0.993275,1.00685,0.990948,1.00905,0.988761,1.01125,0.986571,1.01343,0.984245,1.01563,0.982061,1.01807,0.979873,1.02027,0.977564,1.02244,0.975377,1.02462,0.973205,1.0268,0.97103,1.02898,0.968859,1.03114,0.966694,1.03331,0.964534,1.03547,0.962372,1.03763,0.96021,1.03979,0.95805,1.04195,0.95589,1.04411,0.953727,1.04628,0.95156,1.04844,0.949525,1.05061,0.94735,1.05252,0.945332,
1,0.997771,1.00223,0.995414,1.00446,0.993186,1.00694,0.990829,1.00917,0.988615,1.0114,0.986398,1.0136,0.984043,1.01583,0.981832,1.01831,0.979617,1.02053,0.97728,1.02273,0.975067,1.02493,0.972871,1.02713,0.970675,1.02933,0.96848,1.03151,0.966294,1.03371,0.964116,1.03588,0.961937,1.03806,0.959757,1.04024,0.957582,1.04241,0.95541,1.0446,0.953235,1.04677,0.951056,1.04894,0.949018,1.05112,0.946836,1.05303,0.944792,
1,0.997741,1.00226,0.995354,1.00452,0.993096,1.00703,0.99071,1.00929,0.988469,1.01154,0.986225,1.01377,0.98384,1.01603,0.981602,1.01854,0.979361,1.02079,0.976997,1.02301,0.974757,1.02524,0.972537,1.02746,0.970321,1.02969,0.968102,1.03189,0.965895,1.0341,0.963699,1.0363,0.961502,1.0385,0.959304,1.0407,0.957114,1.04288,0.95493,1.04508,0.952743,1.04726,0.950552,1.04944,0.948511,1.05164,0.946323,1.05354,0.944277,
1,0.997712,1.00229,0.995295,1.00458,0.993007,1.00712,0.99059,1.00941,0.988323,1.01169,0.986052,1.01395,0.983637,1.01623,0.981373,1.01877,0.979105,1.02106,0.976714,1.0233,0.974447,1.02555,0.972203,1.0278,0.969966,1.03005,0.967723,1.03226,0.965496,1.0345,0.963282,1.03672,0.961067,1.03893,0.958851,1.04115,0.956646,1.04334,0.954451,1.04556,0.952252,1.04776,0.950049,1.04994,0.948005,1.05215,0.945811,1.05405,0.943761,
1,0.997682,1.00232,0.995235,1.00464,0.992917,1.00721,0.990471,1.00953,0.988177,1.01184,0.985879,1.01412,0.983435,1.01644,0.981143,1.019,0.978848,1.02132,0.976431,1.02359,0.974137,1.02586,0.971869,1.02813,0.969611,1.03041,0.967345,1.03264,0.965096,1.0349,0.962865,1.03714,0.960632,1.03937,0.958398,1.0416,0.956178,1.04381,0.953971,1.04604,0.95176,1.04825,0.949545,1.05044,0.947498,1.05266,0.945298,1.05457,0.943245,
1,0.997652,1.00235,0.995176,1.0047,0.992828,1.0073,0.990352,1.00965,0.988031,1.01199,0.985706,1.01429,0.983232,1.01664,0.980914,1.01924,0.978592,1.02158,0.976148,1.02387,0.973827,1.02617,0.971536,1.02846,0.969257,1.03076,0.966966,1.03301,0.964697,1.0353,0.962447,1.03755,0.960196,1.0398,0.957945,1.04206,0.95571,1.04427,0.953491,1.04653,0.951268,1.04875,0.949041,1.05094,0.946991,1.05317,0.944785,1.05508,0.94273,
1,0.997622,1.00238,0.995116,1.00476,0.992739,1.00739,0.990233,1.00977,0.987885,1.01214,0.985534,1.01447,0.983029,1.01684,0.980684,1.01947,0.978336,1.02184,0.975865,1.02416,0.973517,1.02648,0.971202,1.0288,0.968902,1.03112,0.966588,1.03339,0.964298,1.0357,0.96203,1.03797,0.959761,1.04024,0.957492,1.04251,0.955243,1.04474,0.953011,1.04701,0.950776,1.04924,0.948538,1.05144,0.946485,1.05369,0.944273,1.05559,0.942214,
1,0.997592,1.00241,0.995056,1.00482,0.992649,1.00748,0.990114,1.00989,0.987739,1.01229,0.985361,1.01464,0.982827,1.01704,0.980455,1.0197,0.978079,1.0221,0.975582,1.02445,0.973207,1.02679,0.970868,1.02913,0.968547,1.03148,0.966209,1.03376,0.963898,1.0361,0.961613,1.03839,0.959326,1.04067,0.957039,1.04296,0.954775,1.0452,0.952531,1.04749,0.950285,1.04974,0.948034,1.05194,0.945978,1.0542,0.94376,1.0561,0.94168,
1,0.997563,1.00244,0.994997,1.00487,0.99256,1.00757,0.989994,1.01001,0.987593,1.01244,0.985188,1.01481,0.982624,1.01725,0.980225,1.01993,0.977823,1.02237,0.975299,1.02473,0.972897,1.0271,0.970534,1.02947,0.968193,1.03184,0.965831,1.03414,0.963499,1.0365,0.961196,1.0388,0.958891,1.04111,0.956586,1.04341,0.954307,1.04567,0.952051,1.04797,0.949793,1.05023,0.94753,1.05244,0.945471,1.05471,0.943248,1.05662,-inf,
1,0.997533,1.00247,0.994937,1.00493,0.99247,1.00766,0.989875,1.01012,0.987447,1.01259,0.985015,1.01498,0.982421,1.01745,0.979996,1.02017,0.977567,1.02263,0.975015,1.02502,0.972587,1.02741,0.9702,1.0298,0.967838,1.03219,0.965452,1.03452,0.9631,1.0369,0.960778,1.03922,0.958456,1.04154,0.956133,1.04387,0.953839,1.04613,0.951572,1.04846,0.949301,1.05073,0.947027,1.05295,0.944965,1.05522,0.942735,1.05713,-inf,
1,0.997503,1.0025,0.994878,1.00499,0.992381,1.00775,0.989756,1.01024,0.987301,1.01274,0.984842,1.01516,0.982219,1.01765,0.979766,1.0204,0.97731,1.02289,0.974732,1.0253,0.972277,1.02772,0.969867,1.03013,0.967484,1.03255,0.965074,1.03489,0.9627,1.0373,0.960361,1.03964,0.958021,1.04198,0.95568,1.04432,0.953371,1.0466,0.951092,1.04894,0.948809,1.05122,0.946523,1.05345,0.944458,1.05574,0.942222,1.05764,-inf,
1,0.997473,1.00253,0.994818,1.00505,0.992292,1.00784,0.989637,1.01036,0.987155,1.01289,0.984669,1.01533,0.982016,1.01785,0.979537,1.02063,0.977054,1.02315,0.974449,1.02559,0.971968,1.02803,0.969533,1.03047,0.967129,1.03291,0.964695,1.03527,0.962301,1.0377,0.959944,1.04006,0.957586,1.04241,0.955227,1.04477,0.952903,1.04706,0.950612,1.04942,0.948318,1.05172,0.946019,1.05395,0.943952,1.05625,0.94171,1.05816,-inf,
1,0.997443,1.00256,0.994758,1.00511,0.992202,1.00793,0.989518,1.01048,0.987009,1.01303,0.984496,1.0155,0.981813,1.01806,0.979307,1.02086,0.976798,1.02342,0.974166,1.02588,0.971658,1.02834,0.969199,1.0308,0.966774,1.03327,0.964317,1.03564,0.961901,1.0381,0.959527,1.04047,0.957151,1.04285,0.954774,1.04523,0.952435,1.04753,0.950132,1.04991,0.947826,1.05221,0.945516,1.05445,0.943445,1.05676,0.941197,1.05867,-inf,
1,0.997414,1.00259,0.994699,1.00517,0.992113,1.00802,0.989398,1.0106,0.986862,1.01318,0.984324,1.01568,0.981611,1.01826,0.979078,1.0211,0.976542,1.02368,0.973883,1.02616,0.971348,1.02865,0.968865,1.03113,0.96642,1.03362,0.963938,1.03602,0.961502,1.0385,0.959109,1.04089,0.956716,1.04328,0.954321,1.04568,0.951967,1.04799,0.949652,1.05039,0.947334,1.05271,0.945012,1.05495,0.942938,1.05727,0.940685,1.05918,-inf,
1,0.997384,1.00262,0.994639,1.00523,0.992023,1.00811,0.989279,1.01072,0.986716,1.01333,0.984151,1.01585,0.981408,1.01846,0.978849,1.02133,0.976285,1.02394,0.9736,1.02645,0.971038,1.02896,0.968532,1.03147,0.966065,1.03398,0.96356,1.03639,0.961103,1.0389,0.958692,1.04131,0.95628,1.04372,0.953868,1.04613,0.951499,1.04846,0.949173,1.05087,0.946842,1.0532,0.944508,1.05545,0.942432,1.05779,0.940172,1.05969,-inf,
1,0.997354,1.00265,0.99458,1.00529,0.991934,1.00819,0.98916,1.01084,0.98657,1.01348,0.983978,1.01602,0.981206,1.01867,0.978619,1.02156,0.976029,1.0242,0.973317,1.02673,0.970728,1.02927,0.968198,1.0318,0.96571,1.03434,0.963181,1.03677,0.960703,1.0393,0.958275,1.04173,0.955845,1.04415,0.953415,1.04658,0.951031,1.04892,0.948693,1.05135,0.946351,1.0537,0.944005,1.05595,0.941925,1.0583,0.939659,1.06021,-inf,
1,0.997324,1.00268,0.99452,1.00535,0.991845,1.00828,0.989041,1.01096,0.986424,1.01363,0.983805,1.01619,0.981003,1.01887,0.97839,1.02179,0.975773,1.02446,0.973034,1.02702,0.970418,1.02958,0.967864,1.03214,0.965356,1.0347,0.962803,1.03714,0.960304,1.0397,0.957858,1.04214,0.95541,1.04459,0.952962,1.04704,0.950564,1.04939,0.948213,1.05184,0.945859,1.05419,0.943501,1.05645,0.941418,1.05881,0.937201,1.06072,-inf,
1,0.997294,1.00271,0.99446,1.00541,0.991755,1.00837,0.988922,1.01108,0.986278,1.01378,0.983632,1.01637,0.9808,1.01907,0.97816,1.02203,0.975516,1.02473,0.97275,1.02731,0.970108,1.02989,0.96753,1.03247,0.965001,1.03506,0.962424,1.03752,0.959905,1.0401,0.957441,1.04256,0.954975,1.04502,0.952509,1.04749,0.950096,1.04985,0.947733,1.05232,0.945367,1.05469,0.942997,inf,0.940912,1.05933,-inf,1.06123,-inf,
1,0.997265,1.00274,0.994401,1.00547,0.991666,1.00846,0.988802,1.0112,0.986132,1.01393,0.983459,1.01654,0.980598,1.01927,0.977931,1.02226,0.97526,1.02499,0.972467,1.02759,0.969798,1.0302,0.967196,1.0328,0.964646,1.03541,0.962046,1.0379,0.959505,1.04049,0.957023,1.04298,0.95454,1.04546,0.952056,1.04794,0.949628,1.05032,0.947253,1.0528,0.944875,1.05518,0.942489,inf,0.940398,1.05984,-inf,1.06174,-inf,
1,0.997235,1.00277,0.994341,1.00553,0.991576,1.00855,0.988683,1.01132,0.985986,1.01408,0.983286,1.01671,0.980395,1.01948,0.977701,1.02249,0.975004,1.02525,0.972184,1.02788,0.969488,1.03051,0.966863,1.03314,0.964292,1.03577,0.961667,1.03827,0.959106,1.04089,0.956606,1.04339,0.954105,1.0459,0.951603,1.0484,0.94916,1.05078,0.946773,1.05329,0.944384,1.05567,-inf,inf,-inf,1.06035,-inf,1.06226,-inf,
1,0.997205,1.00279,0.994282,1.00559,0.991487,1.00864,0.988564,1.01144,0.98584,1.01423,0.983114,1.01689,0.980192,1.01968,0.977472,1.02272,0.974747,1.02551,0.971901,1.02816,0.969178,1.03082,0.966529,1.03347,0.963937,1.03613,0.961289,1.03865,0.958707,1.04129,0.956189,1.04381,0.95367,1.04633,0.95115,1.04885,0.948692,1.05125,0.946294,1.05377,0.943892,1.05617,-inf,inf,-inf,1.06093,-inf,1.06283,-inf,
1,0.997175,1.00282,0.994222,1.00565,0.991398,1.00873,0.988445,1.01156,0.985694,1.01438,0.982941,1.01706,0.97999,1.01988,0.977242,1.02296,0.974491,1.02578,0.971618,1.02845,0.968868,1.03113,0.966195,1.0338,0.963582,1.03649,0.96091,1.03902,0.958307,1.04169,0.955772,1.04423,0.953235,1.04677,0.950697,1.0493,0.948224,1.05171,0.945814,1.05425,0.9434,1.05666,-inf,inf,-inf,inf,-inf,inf,-inf,
1,0.997145,1.00285,0.994162,1.00571,0.991308,1.00882,0.988325,1.01167,0.985548,1.01452,0.982768,1.01723,0.979787,1.02008,0.977013,1.02319,0.974235,1.02604,0.971335,1.02874,0.968558,1.03144,0.965861,1.03414,0.963228,1.03684,0.960532,1.0394,0.957908,1.04209,0.955354,1.04465,0.952799,1.0472,0.950244,1.04976,0.947756,1.05218,0.945334,1.05473,0.942909,1.05716,-inf,inf,-inf,inf,-inf,inf,-inf,
1,0.997116,1.00288,0.994103,1.00577,0.991219,1.00891,0.988206,1.01179,0.985402,1.01467,0.982595,1.0174,0.979584,1.02029,0.976783,1.02342,0.973979,1.0263,0.971052,1.02902,0.968248,1.03175,0.965527,1.03447,0.962873,1.0372,0.960153,1.03977,0.957509,1.04249,0.954937,1.04506,0.952364,1.04764,0.949791,1.05021,0.947288,1.05264,-inf,inf,-inf,inf,-inf,inf,-inf,inf,-inf,inf,-inf,
1,0.997086,1.00291,0.994043,1.00583,0.991129,1.009,0.988087,1.01191,0.985256,1.01482,0.982422,1.01758,0.979382,1.02049,0.976554,1.02365,0.973722,1.02656,0.970769,1.02931,0.967938,1.03206,0.965194,1.03481,0.962518,1.03756,0.959775,1.04015,0.957109,1.04289,0.95452,1.04548,0.951929,1.04807,0.949338,1.05066,0.94682,1.05311,-inf,inf,-inf,inf,-inf,inf,-inf,inf,-inf,inf,-inf,
1,0.997056,1.00294,0.993984,1.00589,0.99104,1.00909,0.987968,1.01203,0.98511,1.01497,0.982249,1.01775,0.979179,1.02069,0.976324,1.02389,0.973466,1.02683,0.970485,1.0296,0.967628,1.03237,0.96486,1.03514,0.962164,1.03792,0.959396,1.04052,0.95671,1.04329,0.954103,1.0459,0.951494,1.04851,0.948885,1.05111,0.946352,1.05357,-inf,inf,-inf,inf,-inf,inf,-inf,inf,-inf,inf,-inf,
1,0.997026,1.00297,0.993924,1.00595,0.99095,1.00918,0.987849,1.01215,0.984964,1.01512,0.982077,1.01792,0.978976,1.02089,0.976095,1.02412,0.97321,1.02709,0.970202,1.02988,0.967318,1.03268,0.964526,1.03547,0.961809,1.03827,0.959018,1.0409,0.956311,1.04369,0.953685,1.04631,0.951059,1.04894,0.948432,1.05157,0.945885,1.05404,-inf,inf,-inf,inf,-inf,inf,-inf,inf,-inf,inf,-inf,
1,0.996996,1.003,0.993864,1.00601,0.990861,1.00927,0.987729,1.01227,0.984818,1.01527,0.981904,1.0181,0.978774,1.0211,0.975865,1.02435,0.972953,1.02735,0.969919,1.03017,0.967008,1.03299,0.964192,1.03581,0.961455,1.03863,0.95864,1.04127,0.955911,1.04409,0.953268,1.04673,0.950624,1.04938,0.947979,1.05202,0.945417,1.0545,-inf,inf,-inf,inf,-inf,inf,-inf,inf,-inf,inf,-inf,
1,0.996967,1.00303,0.993805,1.00607,0.990772,1.00936,0.98761,1.01239,0.984672,1.01542,0.981731,1.01827,0.978571,1.0213,0.975636,1.02458,0.972697,1.02761,0.969636,1.03045,0.966698,1.0333,0.963859,1.03614,0.9611,1.03899,0.958261,1.04165,0.955512,1.04449,0.952851,1.04715,0.950189,1.04981,0.947526,1.05247,0.944949,1.05497,-inf,inf,-inf,inf,-inf,inf,-inf,inf,-inf,inf,-inf,
1,0.996937,1.00306,0.993745,1.00613,0.990682,1.00945,0.987491,1.01251,0.984526,1.01557,0.981558,1.01844,0.978368,1.0215,0.975406,1.02482,0.972441,1.02787,0.969353,1.03074,0.966389,1.03361,0.963525,1.03648,0.960745,1.03935,0.957883,1.04203,0.955113,1.04489,0.952434,1.04757,0.949754,1.05025,0.947073,1.05293,0.944481,1.05543,-inf,inf,-inf,inf,-inf,inf,-inf,inf,-inf,inf,-inf,
1,0.996907,1.00309,0.993686,1.00619,0.990593,1.00954,0.987372,1.01263,0.98438,1.01572,0.981385,1.01861,0.978166,1.02171,0.975177,1.02505,0.972184,1.02814,0.96907,1.03103,0.966079,1.03392,0.963191,1.03681,0.960391,1.0397,0.957504,1.0424,0.954713,1.04529,0.952017,1.04798,0.949319,1.05068,0.94662,1.05338,0.944013,1.05589,-inf,inf,-inf,inf,-inf,inf,-inf,inf,-inf,inf,-inf,
1,0.996877,1.00312,0.993626,1.00625,0.990503,1.00963,0.987253,1.01275,0.984234,1.01587,0.981212,1.01879,0.977963,1.02191,0.974947,1.02528,0.971928,1.0284,0.968787,1.03131,0.965769,1.03423,0.962857,1.03714,0.960036,1.04006,0.957126,1.04278,0.954314,1.04569,0.951599,1.0484,0.948883,1.05112,-inf,1.05383,-inf,1.05636,-inf,inf,-inf,inf,-inf,inf,-inf,inf,-inf,inf,-inf,
1,0.996847,1.00315,0.993566,1.00631,0.990414,1.00971,0.987133,1.01287,0.984088,1.01601,0.981039,1.01896,0.97776,1.02211,0.974718,1.02551,0.971672,1.02866,0.968504,1.0316,0.965459,1.03454,0.962523,1.03748,0.959681,1.04042,0.956747,1.04315,0.953914,1.04609,0.951182,1.04882,0.948448,1.05155,-inf,inf,-inf,inf,-inf,inf,-inf,inf,-inf,inf,-inf,inf,-inf,inf,-inf,
1,0.996818,1.00318,0.993507,1.00636,0.990325,1.0098,0.987014,1.01299,0.983942,1.01616,0.980867,1.01913,0.977558,1.02231,0.974488,1.02575,0.971416,1.02892,0.96822,1.03188,0.965149,1.03485,0.96219,1.03781,0.959327,1.04078,0.956369,1.04353,0.953515,1.04648,0.950765,1.04924,0.948013,1.05199,-inf,inf,-inf,inf,-inf,inf,-inf,inf,-inf,inf,-inf,inf,-inf,inf,-inf,
1,0.996788,1.00321,0.993447,1.00642,0.990235,1.00989,0.986895,1.01311,0.983796,1.01631,0.980694,1.01931,0.977355,1.02252,0.974259,1.02598,0.971159,1.02919,0.967937,1.03217,0.964839,1.03516,0.961856,1.03814,0.958972,1.04113,0.95599,1.0439,0.953116,1.04688,0.950348,1.04965,0.947578,1.05242,-inf,inf,-inf,inf,-inf,inf,-inf,inf,-inf,inf,-inf,inf,-inf,inf,-inf,
1,0.996758,1.00324,0.993388,1.00648,0.990146,1.00998,0.986776,1.01322,0.98365,1.01646,0.980521,1.01948,0.977152,1.02272,0.974029,1.02621,0.970903,1.02945,0.967654,1.03246,0.964529,1.03547,0.961522,1.03848,0.958617,1.04149,0.955612,1.04428,0.952716,1.04728,0.94993,1.05007,0.947143,1.05286,-inf,inf,-inf,inf,-inf,inf,-inf,inf,-inf,inf,-inf,inf,-inf,inf,-inf,
1,0.996728,1.00327,0.993328,1.00654,0.990056,1.01007,0.986657,1.01334,0.983504,1.01661,0.980348,1.01965,0.97695,1.02292,0.9738,1.02644,0.970647,1.02971,0.967371,1.03274,0.964219,1.03578,0.961188,1.03881,0.958263,1.04185,0.955233,1.04465,0.952317,1.04768,0.949513,1.05049,0.946708,1.05329,-inf,inf,-inf,inf,-inf,inf,-inf,inf,-inf,inf,-inf,inf,-inf,inf,-inf,
1,0.996698,1.0033,0.993268,1.0066,0.989967,1.01016,0.986537,1.01346,0.983358,1.01676,0.980175,1.01982,0.976747,1.02312,0.973571,1.02667,0.97039,1.02997,0.967088,1.03303,0.963909,1.03609,0.960854,1.03915,0.957908,1.04221,0.954855,1.04503,0.951918,1.04808,0.949096,1.0509,0.946273,1.05373,-inf,inf,-inf,inf,-inf,inf,-inf,inf,-inf,inf,-inf,inf,-inf,inf,-inf,
1,0.996669,1.00333,0.993209,1.00666,0.989878,1.01025,0.986418,1.01358,0.983212,1.01691,0.980002,1.02,0.976544,1.02333,0.973341,1.02691,0.970134,1.03023,0.966805,1.03331,0.963599,1.0364,0.960521,1.03948,0.957553,1.04257,0.954476,1.04541,0.951518,-inf,inf,-inf,inf,-inf,-inf,inf,-inf,inf,-inf,inf,-inf,inf,-inf,inf,-inf,inf,-inf,inf,-inf,
1,0.996639,1.00336,0.993149,1.00672,0.989788,1.01034,0.986299,1.0137,0.983066,1.01706,0.979829,1.02017,0.976342,1.02353,0.973112,1.02714,0.969878,1.0305,0.966522,1.0336,0.963289,1.03671,0.960187,1.03981,0.957199,1.04292,0.954098,1.04578,0.951119,-inf,inf,-inf,inf,-inf,-inf,inf,-inf,inf,-inf,inf,-inf,inf,-inf,inf,-inf,inf,-inf,inf,-inf,
1,0.996609,1.00339,0.993089,1.00678,0.989699,1.01043,0.98618,1.01382,0.98292,1.01721,0.979657,1.02034,0.976139,1.02373,0.972882,1.02737,0.969621,1.03076,0.966239,1.03389,0.962979,1.03702,0.959853,1.04015,0.956844,1.04328,0.953719,1.04616,-inf,-inf,inf,-inf,inf,-inf,-inf,inf,-inf,inf,-inf,inf,-inf,inf,-inf,inf,-inf,inf,-inf,inf,-inf,
1,0.99657,1.00343,0.993012,1.00686,0.98959,1.01054,0.986045,1.01396,0.982774,1.01736,0.979484,1.02052,0.975936,1.02393,0.972653,1.0276,0.969365,1.03102,0.965955,1.03417,0.962669,1.03733,0.959519,1.04048,0.956489,1.04364,0.953341,1.04653,-inf,-inf,inf,-inf,inf,-inf,-inf,inf,-inf,inf,-inf,inf,-inf,inf,-inf,inf,-inf,inf,-inf,inf,-inf,
1,0.996516,1.00348,0.992901,1.00697,0.989426,1.01071,0.985827,1.01418,0.98251,1.01762,0.979194,1.02081,0.975635,1.02423,0.972364,1.02789,0.969101,1.03129,0.965672,1.03446,0.962359,1.03764,0.959186,1.04081,0.956135,1.044,0.952962,1.04691,-inf,-inf,inf,-inf,inf,-inf,-inf,inf,-inf,inf,-inf,inf,-inf,inf,-inf,inf,-inf,inf,-inf,inf,-inf,
1,0.996463,1.00354,0.992791,1.00707,0.989262,1.01087,0.98561,1.0144,0.982242,1.01789,0.978878,1.02112,0.975269,1.0246,-inf,inf,-inf,inf,-349.794,1.30632,0.961982,1.03802,0.958852,1.04115,0.95578,1.04435,0.952584,1.04728,-inf,-inf,inf,-inf,inf,-inf,-inf,inf,-inf,inf,-inf,inf,-inf,inf,-inf,inf,-inf,inf,-inf,inf,-inf,
1,0.996409,1.00359,0.992681,1.00718,0.989098,1.01104,0.985392,1.01462,0.981974,1.01816,0.978562,1.02144,0.973865,1.02499,-inf,inf,-inf,inf,-inf,inf,-inf,inf,-inf,inf,0.955263,1.04487,-1.33907e+14,1.31629e+14,-inf,-inf,inf,-inf,inf,-inf,-inf,inf,-inf,inf,-inf,inf,-inf,inf,-inf,inf,-inf,inf,-inf,inf,-inf,
1,0.996356,1.00364,0.992571,1.00729,0.988934,1.01121,0.985175,1.01484,0.981706,1.01842,0.978246,1.02175,-inf,inf,-inf,inf,-inf,inf,-inf,inf,-inf,inf,-inf,inf,-inf,inf,-inf,inf,-inf,-inf,inf,-inf,inf,-inf,-inf,inf,-inf,inf,-inf,inf,-inf,inf,-inf,inf,-inf,inf,-inf,inf,-inf,
1,0.996302,1.0037,0.99246,1.0074,0.98877,1.01137,0.984957,1.01506,0.981437,1.01869,0.97793,1.02207,-inf,inf,-inf,inf,-inf,inf,-inf,inf,-inf,inf,-inf,inf,-inf,inf,-inf,inf,-inf,-inf,inf,-inf,inf,-inf,-inf,inf,-inf,inf,-inf,inf,-inf,inf,-inf,inf,-inf,inf,-inf,inf,-inf,
1,0.996248,1.00375,0.99235,1.0075,0.988607,1.01154,0.984739,1.01528,0.981169,1.01896,0.977614,1.02239,-inf,inf,-inf,inf,-inf,inf,-inf,inf,-inf,inf,-inf,inf,-inf,inf,-inf,inf,-inf,-inf,inf,-inf,inf,-inf,-inf,inf,-inf,inf,-inf,inf,-inf,inf,-inf,inf,-inf,inf,-inf,inf,-inf,
1,0.996195,1.00381,0.99224,1.00761,0.988443,1.01171,0.984522,1.0155,0.980901,1.01923,0.977298,1.0227,-inf,inf,-inf,inf,-inf,inf,-inf,inf,-inf,inf,-inf,inf,-inf,inf,-inf,inf,-inf,-inf,inf,-inf,inf,-inf,-inf,inf,-inf,inf,-inf,inf,-inf,inf,-inf,inf,-inf,inf,-inf,inf,-inf,
1,0.996141,1.00386,0.99213,1.00772,0.988279,1.01187,0.984304,1.01572,0.980633,1.0195,0.976982,1.02302,-inf,inf,-inf,inf,-inf,inf,-inf,inf,-inf,inf,-inf,inf,-inf,inf,-inf,inf,-inf,-inf,inf,-inf,inf,-inf,-inf,inf,-inf,inf,-inf,inf,-inf,inf,-inf,inf,-inf,inf,-inf,inf,-inf,
1,0.996087,1.00391,0.992019,1.00782,0.988115,1.01204,0.984087,1.01594,0.980365,1.01976,0.976666,1.02333,-inf,inf,-inf,inf,-inf,inf,-inf,inf,-inf,inf,-inf,inf,-inf,inf,-inf,inf,-inf,-inf,inf,-inf,inf,-inf,-inf,inf,-inf,inf,-inf,inf,-inf,inf,-inf,inf,-inf,inf,-inf,inf,-inf,
1,0.996034,1.00397,0.991909,1.00793,0.987951,1.01221,0.983869,1.01616,0.980096,1.02003,0.97635,1.02365,-inf,inf,-inf,inf,-inf,inf,-inf,inf,-inf,inf,-inf,inf,-inf,inf,-inf,inf,-inf,-inf,inf,-inf,inf,-inf,-inf,inf,-inf,inf,-inf,inf,-inf,inf,-inf,inf,-inf,inf,-inf,inf,-inf,
1,0.99598,1.00402,0.991799,1.00804,0.987787,1.01238,0.983652,1.01638,0.979828,1.0203,0.976035,1.02397,-inf,inf,-inf,inf,-inf,inf,-inf,inf,-inf,inf,-inf,inf,-inf,inf,-inf,inf,-inf,-inf,inf,-inf,inf,-inf,-inf,inf,-inf,inf,-inf,inf,-inf,inf,-inf,inf,-inf,inf,-inf,inf,-inf,
1,0.995926,1.00407,0.991688,1.00815,0.987623,1.01254,0.983434,1.0166,0.97956,1.02057,0.975719,1.02428,-inf,inf,-inf,inf,-inf,inf,-inf,inf,-inf,inf,-inf,inf,-inf,inf,-inf,inf,-inf,-inf,inf,-inf,inf,-inf,-inf,inf,-inf,inf,-inf,inf,-inf,inf,-inf,inf,-inf,inf,-inf,inf,-inf,
1,0.995873,1.00413,0.991578,1.00825,0.987459,1.01271,0.983217,1.01682,0.979292,1.02084,0.975403,1.0246,-inf,inf,-inf,inf,-inf,inf,-inf,inf,-inf,inf,-inf,inf,-inf,inf,-inf,inf,-inf,-inf,inf,-inf,inf,-inf,-inf,inf,-inf,inf,-inf,inf,-inf,inf,-inf,inf,-inf,inf,-inf,inf,-inf,
1,0.995819,1.00418,0.991468,1.00836,0.987295,1.01288,0.982999,1.01704,0.979023,1.02111,0.975087,1.02491,-inf,inf,-inf,inf,-inf,inf,-inf,inf,-inf,inf,-inf,inf,-inf,inf,-inf,inf,-inf,-inf,inf,-inf,inf,-inf,-inf,inf,-inf,inf,-inf,inf,-inf,inf,-inf,inf,-inf,inf,-inf,inf,-inf,
1,0.995765,1.00423,0.991358,1.00847,0.987131,1.01304,0.982781,1.01726,0.978755,1.02137,0.974771,1.02523,-inf,inf,-inf,inf,-inf,inf,-inf,inf,-inf,inf,-inf,inf,-inf,inf,-inf,inf,-inf,-inf,inf,-inf,inf,-inf,-inf,inf,-inf,inf,-inf,inf,-inf,inf,-inf,inf,-inf,inf,-inf,inf,-inf,
1,0.995712,1.00429,0.991247,1.00858,0.986967,1.01321,0.982564,1.01748,0.978487,1.02164,0.974455,1.02555,-inf,inf,-inf,inf,-inf,inf,-inf,inf,-inf,inf,-inf,inf,-inf,inf,-inf,inf,-inf,-inf,inf,-inf,inf,-inf,-inf,inf,-inf,inf,-inf,inf,-inf,inf,-inf,inf,-inf,inf,-inf,inf,-inf,
1,0.995658,1.00434,0.991137,1.00868,0.986803,1.01338,0.982346,1.0177,0.977838,1.02191,-59764.3,1.02586,-inf,inf,-inf,inf,-inf,inf,-inf,inf,-inf,inf,-inf,inf,-inf,inf,-inf,inf,-inf,-inf,inf,-inf,inf,-inf,-inf,inf,-inf,inf,-inf,inf,-inf,inf,-inf,inf,-inf,inf,-inf,inf,-inf,
1,0.995605,1.0044,0.991027,1.00879,0.98664,1.01354,0.982129,1.01793,-inf,1.02218,-inf,1.02618,-inf,inf,-inf,inf,-inf,inf,-inf,inf,-inf,inf,-inf,inf,-inf,inf,-inf,inf,-inf,-inf,inf,-inf,inf,-inf,-inf,inf,-inf,inf,-inf,inf,-inf,inf,-inf,inf,-inf,inf,-inf,inf,-inf,
1,0.995551,1.00445,0.990917,1.0089,0.986476,1.01371,0.981466,1.01815,-inf,inf,-inf,inf,-inf,inf,-inf,inf,-inf,inf,-inf,inf,-inf,inf,-inf,inf,-inf,inf,-inf,inf,-inf,-inf,inf,-inf,inf,-inf,-inf,inf,-inf,inf,-inf,inf,-inf,inf,-inf,inf,-inf,inf,-inf,inf,-inf,
1,0.995497,1.0045,0.990806,1.009,0.986312,1.01388,-inf,1.01837,-inf,inf,-inf,inf,-inf,inf,-inf,inf,-inf,inf,-inf,inf,-inf,inf,-inf,inf,-inf,inf,-inf,inf,-inf,-inf,inf,-inf,inf,-inf,-inf,inf,-inf,inf,-inf,inf,-inf,inf,-inf,inf,-inf,inf,-inf,inf,-inf,
1,0.995444,1.00456,0.990696,1.00911,0.986148,inf,-inf,inf,-inf,inf,-inf,inf,-inf,inf,-inf,inf,-inf,inf,-inf,inf,-inf,inf,-inf,inf,-inf,inf,-inf,inf,-inf,-inf,inf,-inf,inf,-inf,-inf,inf,-inf,inf,-inf,inf,-inf,inf,-inf,inf,-inf,inf,-inf,inf,-inf,
1,0.99539,1.00461,0.990586,1.00922,0.985982,inf,-inf,inf,-inf,inf,-inf,inf,-inf,inf,-inf,inf,-inf,inf,-inf,inf,-inf,inf,-inf,inf,-inf,inf,-inf,inf,-inf,-inf,inf,-inf,inf,-inf,-inf,inf,-inf,inf,-inf,inf,-inf,inf,-inf,inf,-inf,inf,-inf,inf,-inf,
1,0.995336,1.00466,0.990475,1.00933,-inf,inf,-inf,inf,-inf,inf,-inf,inf,-inf,inf,-inf,inf,-inf,inf,-inf,inf,-inf,inf,-inf,inf,-inf,inf,-inf,inf,-inf,-inf,inf,-inf,inf,-inf,-inf,inf,-inf,inf,-inf,inf,-inf,inf,-inf,inf,-inf,inf,-inf,inf,-inf,
1,0.995283,1.00472,0.990365,1.00943,-inf,inf,-inf,inf,-inf,inf,-inf,inf,-inf,inf,-inf,inf,-inf,inf,-inf,inf,-inf,inf,-inf,inf,-inf,inf,-inf,inf,-inf,-inf,inf,-inf,inf,-inf,-inf,inf,-inf,inf,-inf,inf,-inf,inf,-inf,inf,-inf,inf,-inf,inf,-inf,
1,0.995229,1.00477,-inf,1.00954,-inf,inf,-inf,inf,-inf,inf,-inf,inf,-inf,inf,-inf,inf,-inf,inf,-inf,inf,-inf,inf,-inf,inf,-inf,inf,-inf,inf,-inf,-inf,inf,-inf,inf,-inf,-inf,inf,-inf,inf,-inf,inf,-inf,inf,-inf,inf,-inf,inf,-inf,inf,-inf,
1,0.995175,1.00482,-inf,1.00965,-inf,inf,-inf,inf,-inf,inf,-inf,inf,-inf,inf,-inf,inf,-inf,inf,-inf,inf,-inf,inf,-inf,inf,-inf,inf,-inf,inf,-inf,-inf,inf,-inf,inf,-inf,-inf,inf,-inf,inf,-inf,inf,-inf,inf,-inf,inf,-inf,inf,-inf,inf,-inf,
1,0.995122,1.00488,-inf,1.00976,-inf,inf,-inf,inf,-inf,inf,-inf,inf,-inf,inf,-inf,inf,-inf,inf,-inf,inf,-inf,inf,-inf,inf,-inf,inf,-inf,inf,-inf,-inf,inf,-inf,inf,-inf,-inf,inf,-inf,inf,-inf,inf,-inf,inf,-inf,inf,-inf,inf,-inf,inf,-inf,
1,0.995064,1.00493,-inf,1.00986,-inf,inf,-inf,inf,-inf,inf,-inf,inf,-inf,inf,-inf,inf,-inf,inf,-inf,inf,-inf,inf,-inf,inf,-inf,inf,-inf,inf,-inf,-inf,inf,-inf,inf,-inf,-inf,inf,-inf,inf,-inf,inf,-inf,inf,-inf,inf,-inf,inf,-inf,inf,-inf,
1,0.99495,1.005,-inf,1.01008,-inf,inf,-inf,inf,-inf,inf,-inf,inf,-inf,inf,-inf,inf,-inf,inf,-inf,inf,-inf,inf,-inf,inf,-inf,inf,-inf,inf,-inf,-inf,inf,-inf,inf,-inf,-inf,inf,-inf,inf,-inf,inf,-inf,inf,-inf,inf,-inf,inf,-inf,inf,-inf,
1,-inf,1.00522,-inf,inf,-inf,inf,-inf,inf,-inf,inf,-inf,inf,-inf,inf,-inf,inf,-inf,inf,-inf,inf,-inf,inf,-inf,inf,-inf,inf,-inf,inf,-inf,-inf,inf,-inf,inf,-inf,-inf,inf,-inf,inf,-inf,inf,-inf,inf,-inf,inf,-inf,inf,-inf,inf,-inf,
1,-inf,inf,-inf,inf,-inf,inf,-inf,inf,-inf,inf,-inf,inf,-inf,inf,-inf,inf,-inf,inf,-inf,inf,-inf,inf,-inf,inf,-inf,inf,-inf,inf,-inf,-inf,inf,-inf,inf,-inf,-inf,inf,-inf,inf,-inf,inf,-inf,inf,-inf,inf,-inf,inf,-inf,inf,-inf,
1,-inf,inf,-inf,inf,-inf,inf,-inf,inf,-inf,inf,-inf,inf,-inf,inf,-inf,inf,-inf,inf,-inf,inf,-inf,inf,-inf,inf,-inf,inf,-inf,inf,-inf,-inf,inf,-inf,inf,-inf,-inf,inf,-inf,inf,-inf,inf,-inf,inf,-inf,inf,-inf,inf,-inf,inf,-inf,
1,-inf,inf,-inf,inf,-inf,inf,-inf,inf,-inf,inf,-inf,inf,-inf,inf,-inf,inf,-inf,inf,-inf,inf,-inf,inf,-inf,inf,-inf,inf,-inf,inf,-inf,-inf,inf,-inf,inf,-inf,-inf,inf,-inf,inf,-inf,inf,-inf,inf,-inf,inf,-inf,inf,-inf,inf,-inf,
1,-inf,inf,-inf,inf,-inf,inf,-inf,inf,-inf,inf,-inf,inf,-inf,inf,-inf,inf,-inf,inf,-inf,inf,-inf,inf,-inf,inf,-inf,inf,-inf,inf,-inf,-inf,inf,-inf,inf,-inf,-inf,inf,-inf,inf,-inf,inf,-inf,inf,-inf,inf,-inf,inf,-inf,inf,-inf,
1,-inf,inf,-inf,inf,-inf,inf,-inf,inf,-inf,inf,-inf,inf,-inf,inf,-inf,inf,-inf,inf,-inf,inf,-inf,inf,-inf,inf,-inf,inf,-inf,inf,-inf,-inf,inf,-inf,inf,-inf,-inf,inf,-inf,inf,-inf,inf,-inf,inf,-inf,inf,-inf,inf,-inf,inf,-inf,
1,-inf,inf,-inf,inf,-inf,inf,-inf,inf,-inf,inf,-inf,inf,-inf,inf,-inf,inf,-inf,inf,-inf,inf,-inf,inf,-inf,inf,-inf,inf,-inf,inf,-inf,-inf,inf,-inf,inf,-inf,-inf,inf,-inf,inf,-inf,inf,-inf,inf,-inf,inf,-inf,inf,-inf,inf,-inf,
1,-inf,inf,-inf,inf,-inf,inf,-inf,inf,-inf,inf,-inf,inf,-inf,inf,-inf,inf,-inf,inf,-inf,inf,-inf,inf,-inf,inf,-inf,inf,-inf,inf,-inf,-inf,inf,-inf,inf,-inf,-inf,inf,-inf,inf,-inf,inf,-inf,inf,-inf,inf,-inf,inf,-inf,inf,-inf,
1,-inf,inf,-inf,inf,-inf,inf,-inf,inf,-inf,inf,-inf,inf,-inf,inf,-inf,inf,-inf,inf,-inf,inf,-inf,inf,-inf,inf,-inf,inf,-inf,inf,-inf,-inf,inf,-inf,inf,-inf,-inf,inf,-inf,inf,-inf,inf,-inf,inf,-inf,inf,-inf,inf,-inf,inf,-inf,
1,-inf,inf,-inf,inf,-inf,inf,-inf,inf,-inf,inf,-inf,inf,-inf,inf,-inf,inf,-inf,inf,-inf,inf,-inf,inf,-inf,inf,-inf,inf,-inf,inf,-inf,-inf,inf,-inf,inf,-inf,-inf,inf,-inf,inf,-inf,inf,-inf,inf,-inf,inf,-inf,inf,-inf,inf,-inf,
1,-inf,inf,-inf,inf,-inf,inf,-inf,inf,-inf,inf,-inf,inf,-inf,inf,-inf,inf,-inf,inf,-inf,inf,-inf,inf,-inf,inf,-inf,inf,-inf,inf,-inf,-inf,inf,-inf,inf,-inf,-inf,inf,-inf,inf,-inf,inf,-inf,inf,-inf,inf,-inf,inf,-inf,inf,-inf,
1,-inf,inf,-inf,inf,-inf,inf,-inf,inf,-inf,inf,-inf,inf,-inf,inf,-inf,inf,-inf,inf,-inf,inf,-inf,inf,-inf,inf,-inf,inf,-inf,inf,-inf,-inf,inf,-inf,inf,-inf,-inf,inf,-inf,inf,-inf,inf,-inf,inf,-inf,inf,-inf,inf,-inf,inf,-inf,
1,-inf,inf,-inf,inf,-inf,inf,-inf,inf,-inf,inf,-inf,inf,-inf,inf,-inf,inf,-inf,inf,-inf,inf,-inf,inf,-inf,inf,-inf,inf,-inf,inf,-inf,-inf,inf,-inf,inf,-inf,-inf,inf,-inf,inf,-inf,inf,-inf,inf,-inf,inf,-inf,inf,-inf,inf,-inf,
1,-inf,inf,-inf,inf,-inf,inf,-inf,inf,-inf,inf,-inf,inf,-inf,inf,-inf,inf,-inf,inf,-inf,inf,-inf,inf,-inf,inf,-inf,inf,-inf,inf,-inf,-inf,inf,-inf,inf,-inf,-inf,inf,-inf,inf,-inf,inf,-inf,inf,-inf,inf,-inf,inf,-inf,inf,-inf,
1,-inf,inf,-inf,inf,-inf,inf,-inf,inf,-inf,inf,-inf,inf,-inf,inf,-inf,inf,-inf,inf,-inf,inf,-inf,inf,-inf,inf,-inf,inf,-inf,inf,-inf,-inf,inf,-inf,inf,-inf,-inf,inf,-inf,inf,-inf,inf,-inf,inf,-inf,inf,-inf,inf,-inf,inf,-inf,
1,-inf,inf,-inf,inf,-inf,inf,-inf,inf,-inf,inf,-inf,inf,-inf,inf,-inf,inf,-inf,inf,-inf,inf,-inf,inf,-inf,inf,-inf,inf,-inf,inf,-inf,-inf,inf,-inf,inf,-inf,-inf,inf,-inf,inf,-inf,inf,-inf,inf,-inf,inf,-inf,inf,-inf,inf,-inf,
1,-inf,inf,-inf,inf,-inf,inf,-inf,inf,-inf,inf,-inf,inf,-inf,inf,-inf,inf,-inf,inf,-inf,inf,-inf,inf,-inf,inf,-inf,inf,-inf,inf,-inf,-inf,inf,-inf,inf,-inf,-inf,inf,-inf,inf,-inf,inf,-inf,inf,-inf,inf,-inf,inf,-inf,inf,-inf,
1,-inf,inf,-inf,inf,-inf,inf,-inf,inf,-inf,inf,-inf,inf,-inf,inf,-inf,inf,-inf,inf,-inf,inf,-inf,inf,-inf,inf,-inf,inf,-inf,inf,-inf,-inf,inf,-inf,inf,-inf,-inf,inf,-inf,inf,-inf,inf,-inf,inf,-inf,inf,-inf,inf,-inf,inf,-inf,
1,-inf,inf,-inf,inf,-inf,inf,-inf,inf,-inf,inf,-inf,inf,-inf,inf,-inf,inf,-inf,inf,-inf,inf,-inf,inf,-inf,inf,-inf,inf,-inf,inf,-inf,-inf,inf,-inf,inf,-inf,-inf,inf,-inf,inf,-inf,inf,-inf,inf,-inf,inf,-inf,inf,-inf,inf,-inf,
1,-inf,inf,-inf,inf,-inf,inf,-inf,inf,-inf,inf,-inf,inf,-inf,inf,-inf,inf,-inf,inf,-inf,inf,-inf,inf,-inf,inf,-inf,inf,-inf,inf,-inf,-inf,inf,-inf,inf,-inf,-inf,inf,-inf,inf,-inf,inf,-inf,inf,-inf,inf,-inf,inf,-inf,inf,-inf,
1,-inf,inf,-inf,inf,-inf,inf,-inf,inf,-inf,inf,-inf,inf,-inf,inf,-inf,inf,-inf,inf,-inf,inf,-inf,inf,-inf,inf,-inf,inf,-inf,inf,-inf,-inf,inf,-inf,inf,-inf,-inf,inf,-inf,inf,-inf,inf,-inf,inf,-inf,inf,-inf,inf,-inf,inf,-inf,
1,-inf,inf,-inf,inf,-inf,inf,-inf,inf,-inf,inf,-inf,inf,-inf,inf,-inf,inf,-inf,inf,-inf,inf,-inf,inf,-inf,inf,-inf,inf,-inf,inf,-inf,-inf,inf,-inf,inf,-inf,-inf,inf,-inf,inf,-inf,inf,-inf,inf,-inf,inf,-inf,inf,-inf,inf,-inf,
1,-inf,inf,-inf,inf,-inf,inf,-inf,inf,-inf,inf,-inf,inf,-inf,inf,-inf,inf,-inf,inf,-inf,inf,-inf,inf,-inf,inf,-inf,inf,-inf,inf,-inf,-inf,inf,-inf,inf,-inf,-inf,inf,-inf,inf,-inf,inf,-inf,inf,-inf,inf,-inf,inf,-inf,inf,-inf,
1,-inf,inf,-inf,inf,-inf,inf,-inf,inf,-inf,inf,-inf,inf,-inf,inf,-inf,inf,-inf,inf,-inf,inf,-inf,inf,-inf,inf,-inf,inf,-inf,inf,-inf,-inf,inf,-inf,inf,-inf,-inf,inf,-inf,inf,-inf,inf,-inf,inf,-inf,inf,-inf,inf,-inf,inf,-inf,
1,-inf,inf,-inf,inf,-inf,inf,-inf,inf,-inf,inf,-inf,inf,-inf,inf,-inf,inf,-inf,inf,-inf,inf,-inf,inf,-inf,inf,-inf,inf,-inf,inf,-inf,-inf,inf,-inf,inf,-inf,-inf,inf,-inf,inf,-inf,inf,-inf,inf,-inf,inf,-inf,inf,-inf,inf,-inf,
1,-inf,inf,-inf,inf,-inf,inf,-inf,inf,-inf,inf,-inf,inf,-inf,inf,-inf,inf,-inf,inf,-inf,inf,-inf,inf,-inf,inf,-inf,inf,-inf,inf,-inf,-inf,inf,-inf,inf,-inf,-inf,inf,-inf,inf,-inf,inf,-inf,inf,-inf,inf,-inf,inf,-inf,inf,-inf,
1,-inf,inf,-inf,inf,-inf,inf,-inf,inf,-inf,inf,-inf,inf,-inf,inf,-inf,inf,-inf,inf,-inf,inf,-inf,inf,-inf,inf,-inf,inf,-inf,inf,-inf,-inf,inf,-inf,inf,-inf,-inf,inf,-inf,inf,-inf,inf,-inf,inf,-inf,inf,-inf,inf,-inf,inf,-inf,
1,-inf,inf,-inf,inf,-inf,inf,-inf,inf,-inf,inf,-inf,inf,-inf,inf,-inf,inf,-inf,inf,-inf,inf,-inf,inf,-inf,inf,-inf,inf,-inf,inf,-inf,-inf,inf,-inf,inf,-inf,-inf,inf,-inf,inf,-inf,inf,-inf,inf,-inf,inf,-inf,inf,-inf,inf,-inf,
1,-inf,inf,-inf,inf,-inf,inf,-inf,inf,-inf,inf,-inf,inf,-inf,inf,-inf,inf,-inf,inf,-inf,inf,-inf,inf,-inf,inf,-inf,inf,-inf,inf,-inf,-inf,inf,-inf,inf,-inf,-inf,inf,-inf,inf,-inf,inf,-inf,inf,-inf,inf,-inf,inf,-inf,inf,-inf,
1,-inf,inf,-inf,inf,-inf,inf,-inf,inf,-inf,inf,-inf,inf,-inf,inf,-inf,inf,-inf,inf,-inf,inf,-inf,inf,-inf,inf,-inf,inf,-inf,inf,-inf,-inf,inf,-inf,inf,-inf,-inf,inf,-inf,inf,-inf,inf,-inf,inf,-inf,inf,-inf,inf,-inf,inf,-inf,
1,-inf,inf,-inf,inf,-inf,inf,-inf,inf,-inf,inf,-inf,inf,-inf,inf,-inf,inf,-inf,inf,-inf,inf,-inf,inf,-inf,inf,-inf,inf,-inf,inf,-inf,-inf,inf,-inf,inf,-inf,-inf,inf,-inf,inf,-inf,inf,-inf,inf,-inf,inf,-inf,inf,-inf,inf,-inf,
1,-inf,inf,-inf,inf,-inf,inf,-inf,inf,-inf,inf,-inf,inf,-inf,inf,-inf,inf,-inf,inf,-inf,inf,-inf,inf,-inf,inf,-inf,inf,-inf,inf,-inf,-inf,inf,-inf,inf,-inf,-inf,inf,-inf,inf,-inf,inf,-inf,inf,-inf,inf,-inf,inf,-inf,inf,-inf,
1,-inf,inf,-inf,inf,-inf,inf,-inf,inf,-inf,inf,-inf,inf,-inf,inf,-inf,inf,-inf,inf,-inf,inf,-inf,inf,-inf,inf,-inf,inf,-inf,inf,-inf,-inf,inf,-inf,inf,-inf,-inf,inf,-inf,inf,-inf,inf,-inf,inf,-inf,inf,-inf,inf,-inf,inf,-inf,
1,-inf,inf,-inf,inf,-inf,inf,-inf,inf,-inf,inf,-inf,inf,-inf,inf,-inf,inf,-inf,inf,-inf,inf,-inf,inf,-inf,inf,-inf,inf,-inf,inf,-inf,-inf,inf,-inf,inf,-inf,-inf,inf,-inf,inf,-inf,inf,-inf,inf,-inf,inf,-inf,inf,-inf,inf,-inf,
1,-inf,inf,-inf,inf,-inf,inf,-inf,inf,-inf,inf,-inf,inf,-inf,inf,-inf,inf,-inf,inf,-inf,inf,-inf,inf,-inf,inf,-inf,inf,-inf,inf,-inf,-inf,inf,-inf,inf,-inf,-inf,inf,-inf,inf,-inf,inf,-inf,inf,-inf,inf,-inf,inf,-inf,inf,-inf,
1,-inf,inf,-inf,inf,-inf,inf,-inf,inf,-inf,inf,-inf,inf,-inf,inf,-inf,inf,-inf,inf,-inf,inf,-inf,inf,-inf,inf,-inf,inf,-inf,inf,-inf,-inf,inf,-inf,inf,-inf,-inf,inf,-inf,inf,-inf,inf,-inf,inf,-inf,inf,-inf,inf,-inf,inf,-inf,
1,-inf,inf,-inf,inf,-inf,inf,-inf,inf,-inf,inf,-inf,inf,-inf,inf,-inf,inf,-inf,inf,-inf,inf,-inf,inf,-inf,inf,-inf,inf,-inf,inf,-inf,-inf,inf,-inf,inf,-inf,-inf,inf,-inf,inf,-inf,inf,-inf,inf,-inf,inf,-inf,inf,-inf,inf,-inf,
1,-inf,inf,-inf,inf,-inf,inf,-inf,inf,-inf,inf,-inf,inf,-inf,inf,-inf,inf,-inf,inf,-inf,inf,-inf,inf,-inf,inf,-inf,inf,-inf,inf,-inf,-inf,inf,-inf,inf,-inf,-inf,inf,-inf,inf,-inf,inf,-inf,inf,-inf,inf,-inf,inf,-inf,inf,-inf,
1,-inf,inf,-inf,inf,-inf,inf,-inf,inf,-inf,inf,-inf,inf,-inf,inf,-inf,inf,-inf,inf,-inf,inf,-inf,inf,-inf,inf,-inf,inf,-inf,inf,-inf,-inf,inf,-inf,inf,-inf,-inf,inf,-inf,inf,-inf,inf,-inf,inf,-inf,inf,-inf,inf,-inf,inf,-inf,
1,-inf,inf,-inf,inf,-inf,inf,-inf,inf,-inf,inf,-inf,inf,-inf,inf,-inf,inf,-inf,inf,-inf,inf,-inf,inf,-inf,inf,-inf,inf,-inf,inf,-inf,-inf,inf,-inf,inf,-inf,-inf,inf,-inf,inf,-inf,inf,-inf,inf,-inf,inf,-inf,inf,-inf,inf,-inf,
1,-inf,inf,-inf,inf,-inf,inf,-inf,inf,-inf,inf,-inf,inf,-inf,inf,-inf,inf,-inf,inf,-inf,inf,-inf,inf,-inf,inf,-inf,inf,-inf,inf,-inf,-inf,inf,-inf,inf,-inf,-inf,inf,-inf,inf,-inf,inf,-inf,inf,-inf,inf,-inf,inf,-inf,inf,-inf,
1,-inf,inf,-inf,inf,-inf,inf,-inf,inf,-inf,inf,-inf,inf,-inf,inf,-inf,inf,-inf,inf,-inf,inf,-inf,inf,-inf,inf,-inf,inf,-inf,inf,-inf,-inf,inf,-inf,inf,-inf,-inf,inf,-inf,inf,-inf,inf,-inf,inf,-inf,inf,-inf,inf,-inf,inf,-inf,
1,-inf,inf,-inf,inf,-inf,inf,-inf,inf,-inf,inf,-inf,inf,-inf,inf,-inf,inf,-inf,inf,-inf,inf,-inf,inf,-inf,inf,-inf,inf,-inf,inf,-inf,-inf,inf,-inf,inf,-inf,-inf,inf,-inf,inf,-inf,inf,-inf,inf,-inf,inf,-inf,inf,-inf,inf,-inf,
1,-inf,inf,-inf,inf,-inf,inf,-inf,inf,-inf,inf,-inf,inf,-inf,inf,-inf,inf,-inf,inf,-inf,inf,-inf,inf,-inf,inf,-inf,inf,-inf,inf,-inf,-inf,inf,-inf,inf,-inf,-inf,inf,-inf,inf,-inf,inf,-inf,inf,-inf,inf,-inf,inf,-inf,inf,-inf,
1,-inf,inf,-inf,inf,-inf,inf,-inf,inf,-inf,inf,-inf,inf,-inf,inf,-inf,inf,-inf,inf,-inf,inf,-inf,inf,-inf,inf,-inf,inf,-inf,inf,-inf,-inf,inf,-inf,inf,-inf,-inf,inf,-inf,inf,-inf,inf,-inf,inf,-inf,inf,-inf,inf,-inf,inf,-inf,
